date,temp_max_C,temp_min_C,temp_mean_C,precipitation_mm,solar_radiation_MJ_m2,windspeed_10m_max_kmh,windgusts_10m_max_kmh,cloudcover_percent
2006-12-16,8.5,4.3,6.3,3.8,1.17,20.0,39.2,83
2006-12-17,7.1,-0.1,3.0,0.0,3.48,10.0,21.2,73
2006-12-18,5.3,1.2,3.2,0.9,2.31,12.8,25.2,86
2006-12-19,4.3,0.7,1.8,0.0,4.28,19.8,37.4,36
2006-12-20,4.8,-0.8,1.2,0.0,4.74,18.2,31.7,8
2006-12-21,6.8,0.1,3.1,0.0,2.68,18.2,33.8,41
2006-12-22,6.2,1.7,3.5,0.0,4.55,16.8,35.3,8
2006-12-23,4.1,-0.8,1.7,0.0,3.75,14.2,27.0,46
2006-12-24,2.6,0.3,1.4,0.0,1.48,8.2,16.9,97
2006-12-25,2.7,-0.1,1.3,0.0,1.67,10.0,19.1,99
2006-12-26,1.3,-0.1,0.6,0.0,1.89,8.9,16.2,100
2006-12-27,1.2,-0.4,0.2,0.0,2.16,9.4,20.5,99
2006-12-28,2.7,-1.5,-0.2,0.0,4.23,9.2,16.9,96
2006-12-29,5.7,-2.3,1.2,0.0,4.08,21.0,38.2,86
2006-12-30,11.4,3.9,7.8,5.9,1.21,38.9,77.0,90
2006-12-31,12.0,6.2,8.8,2.4,2.38,31.7,59.8,72
2007-01-01,12.5,5.9,9.4,10.6,4.56,35.7,76.3,71
2007-01-02,8.1,4.7,6.3,1.6,2.89,31.9,63.7,52
2007-01-03,8.5,3.8,6.2,0.0,2.78,23.3,43.6,83
2007-01-04,10.4,7.5,8.9,1.5,3.52,25.4,49.0,77
2007-01-05,11.2,7.7,9.2,1.1,2.89,20.8,42.1,93
2007-01-06,11.5,9.9,10.6,3.9,0.71,26.6,53.6,98
2007-01-07,9.5,6.4,8.1,0.0,2.22,24.4,44.6,97
2007-01-08,12.3,9.0,10.1,6.4,2.73,29.7,68.4,97
2007-01-09,13.1,10.4,12.0,0.5,2.49,27.1,55.1,87
2007-01-10,12.3,5.6,9.7,1.1,2.36,29.0,54.0,79
2007-01-11,11.5,4.3,7.5,1.7,2.9,36.2,74.5,81
2007-01-12,12.3,6.9,9.6,0.0,4.37,25.6,52.9,78
2007-01-13,11.6,10.0,10.8,0.0,1.57,21.6,40.0,100
2007-01-14,10.6,3.8,8.0,0.0,5.54,20.1,42.1,58
2007-01-15,9.7,3.0,5.9,0.0,3.97,12.9,24.5,87
2007-01-16,9.7,4.8,7.4,1.2,2.84,17.4,32.0,100
2007-01-17,12.2,8.8,10.5,6.3,1.65,35.2,77.0,99
2007-01-18,14.0,11.0,12.9,7.6,0.58,43.0,82.4,100
2007-01-19,14.5,12.4,13.4,0.9,1.57,33.8,67.7,100
2007-01-20,13.6,8.7,11.2,3.2,2.61,39.0,73.4,99
2007-01-21,9.4,4.6,7.0,0.2,5.76,26.8,51.5,48
2007-01-22,7.3,2.0,4.2,0.1,3.87,19.6,36.7,100
2007-01-23,3.9,-0.3,1.1,0.3,3.25,32.1,60.5,92
2007-01-24,3.4,-1.7,0.2,0.5,4.28,22.0,41.0,78
2007-01-25,1.5,-4.0,-1.8,0.0,5.61,22.9,45.0,43
2007-01-26,2.5,-5.4,-1.5,0.0,6.47,12.9,23.0,35
2007-01-27,7.7,0.2,3.2,0.0,5.52,11.4,26.6,66
2007-01-28,6.8,-0.5,3.2,0.0,3.51,18.5,39.2,64
2007-01-29,8.9,4.8,6.3,0.0,2.79,11.9,22.0,96
2007-01-30,8.6,5.4,6.8,0.0,2.98,11.8,24.5,97
2007-01-31,9.0,4.6,6.5,0.1,3.34,10.5,18.7,90
2007-02-01,11.0,4.0,7.7,0.0,2.21,10.1,19.1,99
2007-02-02,10.2,8.0,8.8,0.0,2.01,12.0,24.1,100
2007-02-03,8.5,4.2,6.4,0.0,7.45,21.8,43.6,45
2007-02-04,9.8,1.4,4.6,0.0,8.14,19.7,37.4,4
2007-02-05,6.7,1.7,4.5,0.2,2.36,11.2,23.0,82
2007-02-06,6.8,2.5,4.2,0.5,4.45,10.3,23.0,97
2007-02-07,3.2,0.6,1.5,3.6,2.81,16.6,31.7,97
2007-02-08,9.4,0.6,5.5,5.7,7.06,30.6,60.5,68
2007-02-09,8.9,2.5,5.3,1.4,5.31,16.1,33.1,85
2007-02-10,12.0,4.8,7.8,5.3,6.02,21.8,44.3,82
2007-02-11,12.5,7.6,9.8,7.9,7.14,39.2,98.3,84
2007-02-12,11.5,8.1,9.4,7.5,7.8,39.0,83.9,73
2007-02-13,10.4,7.0,8.3,0.1,6.8,26.8,54.7,88
2007-02-14,11.1,6.7,8.4,18.3,1.3,27.0,51.1,99
2007-02-15,10.2,0.1,5.3,0.0,10.48,17.6,38.2,45
2007-02-16,14.6,3.3,8.0,0.0,7.79,19.1,33.8,91
2007-02-17,15.8,6.8,10.1,0.0,9.18,15.4,31.0,81
2007-02-18,13.9,3.5,8.4,0.0,10.49,8.4,18.7,51
2007-02-19,11.4,4.4,7.6,0.0,4.87,13.3,31.7,91
2007-02-20,14.0,4.6,8.9,0.0,10.16,11.0,23.8,93
2007-02-21,12.0,6.4,9.1,1.2,7.25,17.7,40.3,79
2007-02-22,11.8,4.1,7.5,0.8,6.23,20.3,37.4,93
2007-02-23,12.1,6.9,8.9,0.7,7.19,22.7,50.8,58
2007-02-24,12.3,8.2,9.6,5.0,8.02,27.9,61.9,83
2007-02-25,10.0,6.2,8.1,6.2,6.91,27.9,64.8,84
2007-02-26,10.5,6.0,8.0,1.8,7.81,23.6,59.8,79
2007-02-27,11.7,5.1,7.8,3.2,2.16,27.3,51.1,98
2007-02-28,13.6,8.7,10.9,1.1,8.58,34.1,77.8,87
2007-03-01,11.6,8.0,10.0,4.9,8.05,38.4,85.0,89
2007-03-02,10.7,4.2,7.5,3.8,7.76,24.3,49.0,73
2007-03-03,12.8,8.1,10.4,2.2,9.65,30.4,70.9,76
2007-03-04,15.5,3.8,9.6,0.0,10.32,26.0,46.8,76
2007-03-05,13.1,7.2,10.2,1.3,10.39,30.2,60.5,71
2007-03-06,9.8,8.3,9.0,8.3,1.51,30.9,60.5,99
2007-03-07,11.2,5.8,8.5,0.2,10.57,27.5,46.8,74
2007-03-08,12.8,3.1,7.6,0.1,11.62,13.2,24.1,77
2007-03-09,9.5,4.4,6.7,3.9,5.01,27.6,51.5,73
2007-03-10,12.0,1.1,6.8,0.0,14.61,13.0,25.2,10
2007-03-11,13.5,1.9,7.6,0.0,14.12,8.4,16.9,7
2007-03-12,13.7,-0.2,7.3,0.0,15.45,10.0,13.7,0
2007-03-13,14.6,0.8,8.0,0.0,15.33,12.3,23.8,21
2007-03-14,14.1,4.2,9.1,0.0,14.33,13.9,27.7,18
2007-03-15,14.2,2.7,8.1,0.0,15.38,10.0,18.4,5
2007-03-16,11.5,1.0,6.7,0.0,10.55,11.6,24.5,61
2007-03-17,12.6,5.7,9.1,0.1,4.57,16.6,31.3,93
2007-03-18,9.3,4.8,7.9,3.4,3.88,29.4,60.1,79
2007-03-19,6.1,1.4,3.7,3.8,11.65,22.0,50.4,91
2007-03-20,7.8,-0.4,2.8,3.5,12.12,24.9,51.5,68
2007-03-21,7.9,0.7,3.7,1.6,13.0,29.7,55.8,54
2007-03-22,7.6,1.7,4.4,0.0,8.76,18.0,38.5,85
2007-03-23,7.3,0.3,3.9,2.4,6.22,21.7,41.4,65
2007-03-24,7.7,-0.0,4.3,3.6,5.6,25.7,46.4,77
2007-03-25,9.5,5.2,7.1,0.1,9.89,19.1,37.4,88
2007-03-26,14.7,2.7,8.3,0.0,18.1,11.2,24.8,16
2007-03-27,15.4,2.1,8.8,0.4,16.02,9.7,18.0,12
2007-03-28,16.6,4.8,10.0,1.1,17.11,9.8,18.7,42
2007-03-29,12.7,4.3,8.3,1.1,13.89,13.6,38.5,69
2007-03-30,7.2,2.7,4.6,3.9,8.11,13.5,20.5,94
2007-03-31,8.0,1.0,4.2,3.0,11.12,11.6,28.8,93
2007-04-01,15.2,3.5,9.2,0.0,18.92,19.9,38.2,60
2007-04-02,17.8,6.2,11.8,0.0,18.73,15.5,31.7,26
2007-04-03,13.4,6.0,9.5,0.0,20.37,26.8,52.2,26
2007-04-04,11.5,3.6,7.3,0.0,16.38,32.4,62.3,42
2007-04-05,14.4,2.2,8.3,0.0,21.36,16.5,33.1,10
2007-04-06,17.2,4.0,10.5,0.0,21.1,13.0,26.3,0
2007-04-07,14.6,5.1,9.7,0.0,20.3,20.9,39.6,32
2007-04-08,15.0,4.2,9.5,0.0,21.52,16.8,35.6,0
2007-04-09,16.7,2.6,10.2,0.0,21.83,10.1,15.8,3
2007-04-10,17.8,3.9,11.3,0.0,21.28,9.2,22.3,2
2007-04-11,18.7,8.4,13.2,0.0,19.54,16.3,34.9,14
2007-04-12,21.6,8.0,14.6,0.0,20.92,13.0,27.4,37
2007-04-13,23.1,11.2,16.6,0.0,18.53,9.7,18.7,85
2007-04-14,24.5,12.0,17.9,0.0,21.76,12.6,31.0,16
2007-04-15,24.8,11.8,18.4,0.0,21.08,10.5,19.1,7
2007-04-16,24.2,12.2,18.1,0.0,22.4,16.2,30.2,30
2007-04-17,19.9,9.7,15.0,0.0,21.7,20.3,38.2,46
2007-04-18,15.8,6.5,11.5,0.0,22.35,13.2,29.9,59
2007-04-19,17.6,4.3,11.6,0.0,24.06,9.0,21.6,0
2007-04-20,18.7,6.9,13.0,0.0,24.13,16.9,37.1,1
2007-04-21,19.1,6.7,13.1,0.0,24.35,14.3,26.3,1
2007-04-22,22.6,6.7,15.0,0.0,24.21,9.7,19.1,1
2007-04-23,24.0,9.7,17.5,0.0,23.81,9.7,22.3,33
2007-04-24,25.2,10.5,18.4,0.0,20.81,8.1,24.5,99
2007-04-25,25.8,13.6,19.5,0.2,23.25,19.6,38.9,66
2007-04-26,25.3,12.5,18.3,0.8,20.38,17.3,35.3,65
2007-04-27,25.4,12.6,19.7,0.0,23.79,10.7,27.4,63
2007-04-28,24.6,12.8,19.1,0.4,23.57,8.5,20.5,18
2007-04-29,23.9,12.0,17.7,4.0,20.9,12.8,23.8,46
2007-04-30,22.8,11.3,17.2,0.0,21.07,17.0,36.4,60
2007-05-01,22.4,11.9,17.2,0.1,22.44,19.9,41.8,7
2007-05-02,21.0,11.5,16.4,0.0,26.06,19.0,40.7,10
2007-05-03,20.2,11.8,15.9,0.0,20.22,16.8,30.2,31
2007-05-04,20.2,10.8,14.5,2.0,19.08,20.5,42.8,75
2007-05-05,18.7,9.2,13.4,0.6,21.16,25.2,50.0,67
2007-05-06,19.0,6.7,12.8,0.3,22.79,16.5,31.7,74
2007-05-07,18.4,12.4,15.2,0.9,7.46,28.2,52.9,99
2007-05-08,19.8,12.0,15.6,4.1,14.6,28.4,61.2,96
2007-05-09,18.6,13.8,15.8,2.2,11.75,29.1,57.2,99
2007-05-10,22.2,12.6,17.2,0.0,20.97,26.0,52.6,88
2007-05-11,16.5,12.7,14.6,1.8,12.58,35.2,68.8,96
2007-05-12,18.3,11.9,14.9,0.7,15.25,31.2,58.7,82
2007-05-13,21.3,11.2,15.3,8.5,15.67,34.0,70.6,66
2007-05-14,17.8,11.0,14.0,2.1,18.59,31.5,59.8,68
2007-05-15,16.0,8.9,12.1,0.6,18.72,24.6,46.8,77
2007-05-16,16.8,10.7,13.2,6.0,15.97,25.1,54.0,98
2007-05-17,17.5,12.5,14.7,1.2,5.88,22.1,43.9,100
2007-05-18,20.0,11.4,16.4,1.0,9.62,15.3,28.4,92
2007-05-19,16.9,13.1,15.1,0.2,7.72,14.5,26.6,95
2007-05-20,16.9,10.3,13.2,10.0,8.37,16.4,30.2,98
2007-05-21,23.9,13.0,17.8,0.1,17.49,17.2,36.0,80
2007-05-22,21.6,12.8,17.3,0.0,18.97,15.2,32.4,68
2007-05-23,20.9,12.2,16.6,0.0,14.0,13.4,28.4,86
2007-05-24,24.5,13.9,19.2,0.2,23.26,12.4,23.8,18
2007-05-25,25.3,14.0,19.6,4.7,22.1,9.3,26.3,42
2007-05-26,22.3,14.4,17.5,8.8,17.69,18.2,35.6,93
2007-05-27,13.5,9.6,11.8,5.8,8.61,22.8,46.8,82
2007-05-28,15.3,8.5,11.1,8.9,16.3,25.6,58.0,85
2007-05-29,14.0,7.9,10.9,0.1,16.21,24.5,44.3,78
2007-05-30,16.0,8.6,12.7,5.0,8.16,23.8,47.5,87
2007-05-31,18.6,8.9,13.3,4.2,19.72,14.3,34.2,64
2007-06-01,17.3,8.9,13.1,2.9,19.0,16.5,34.2,69
2007-06-02,22.0,10.6,16.2,0.1,20.3,16.1,33.5,62
2007-06-03,22.4,12.8,18.1,0.1,21.09,13.4,26.3,31
2007-06-04,22.4,14.8,18.8,2.4,19.99,18.0,36.0,82
2007-06-05,23.1,14.2,19.0,0.5,24.06,17.4,37.8,49
2007-06-06,23.8,14.9,19.5,0.0,25.33,20.6,41.8,24
2007-06-07,22.7,14.1,18.0,13.1,11.59,19.4,37.1,95
2007-06-08,21.4,16.1,18.5,2.2,11.06,12.1,27.0,91
2007-06-09,21.9,15.5,18.3,0.3,12.24,10.4,24.8,76
2007-06-10,24.2,14.5,19.4,0.0,24.97,11.8,25.2,54
2007-06-11,23.9,13.8,18.8,1.1,18.67,8.6,20.5,88
2007-06-12,22.3,16.0,18.7,0.1,17.16,11.8,28.8,76
2007-06-13,24.1,13.9,18.9,0.3,22.48,8.0,22.3,77
2007-06-14,21.5,15.7,18.5,12.3,12.89,13.3,37.8,89
2007-06-15,20.0,15.1,17.1,4.5,19.25,29.9,63.7,81
2007-06-16,19.5,14.1,16.4,0.1,19.27,25.1,59.4,74
2007-06-17,22.0,11.3,16.3,10.2,19.12,20.7,39.6,51
2007-06-18,23.5,13.8,18.5,3.5,22.82,18.6,49.0,76
2007-06-19,28.8,14.4,21.1,22.0,22.52,18.8,45.0,75
2007-06-20,22.0,13.8,18.6,4.2,26.17,17.6,34.6,46
2007-06-21,20.1,14.5,17.4,0.9,21.37,19.9,45.4,70
2007-06-22,18.5,13.7,15.3,8.4,12.27,22.4,49.0,90
2007-06-23,20.3,13.2,16.4,0.7,20.67,19.3,44.6,67
2007-06-24,21.4,12.4,16.8,2.1,16.14,21.3,40.7,75
2007-06-25,18.1,12.7,15.7,3.4,22.95,34.9,66.2,69
2007-06-26,17.1,12.3,14.1,5.8,15.68,32.4,64.1,90
2007-06-27,16.3,10.0,13.5,0.4,17.82,20.7,37.8,69
2007-06-28,18.4,11.9,15.0,0.2,14.13,19.5,38.9,83
2007-06-29,18.4,12.9,15.4,1.4,10.22,27.2,48.2,92
2007-06-30,20.6,14.2,17.4,1.4,12.81,17.9,37.8,98
2007-07-01,22.0,16.6,19.1,0.0,20.16,23.7,48.6,69
2007-07-02,20.2,14.9,17.3,0.5,20.72,25.0,54.7,64
2007-07-03,19.1,13.2,15.3,14.6,10.04,25.1,56.5,84
2007-07-04,18.4,11.8,14.9,0.0,22.64,27.1,60.1,49
2007-07-05,18.4,13.4,15.4,1.6,12.71,26.6,50.8,91
2007-07-06,19.4,14.7,16.9,0.2,16.34,27.4,52.2,92
2007-07-07,19.1,11.0,15.1,0.0,12.1,9.8,26.3,78
2007-07-08,18.0,13.6,15.4,1.8,10.65,16.0,32.8,84
2007-07-09,17.3,10.2,14.0,3.9,20.4,16.2,41.0,55
2007-07-10,17.7,11.6,13.5,8.9,13.12,15.9,36.0,90
2007-07-11,19.2,11.3,15.1,0.1,15.96,16.9,34.6,73
2007-07-12,18.8,12.1,15.9,0.0,7.04,19.1,36.7,90
2007-07-13,26.2,15.3,20.7,0.0,26.73,16.7,34.2,21
2007-07-14,26.9,17.2,22.1,0.0,23.01,14.7,27.0,36
2007-07-15,29.6,18.0,23.6,0.0,25.63,20.2,42.1,37
2007-07-16,25.4,16.7,21.0,13.3,16.81,18.1,47.5,74
2007-07-17,22.8,13.7,18.4,0.0,23.85,20.9,42.1,26
2007-07-18,23.0,13.6,18.6,0.0,26.29,10.8,29.5,17
2007-07-19,24.3,16.0,19.9,0.0,20.37,11.8,21.2,57
2007-07-20,20.7,16.2,18.5,3.6,19.09,20.6,44.3,61
2007-07-21,21.0,10.8,16.5,0.0,20.55,14.5,30.2,55
2007-07-22,20.6,12.2,16.7,0.3,17.65,20.2,40.0,49
2007-07-23,19.1,15.3,16.6,21.8,6.92,27.2,55.8,88
2007-07-24,21.1,14.2,17.3,3.2,17.47,21.1,44.3,62
2007-07-25,21.5,10.9,16.9,0.0,23.59,16.5,37.4,21
2007-07-26,23.2,13.5,18.5,0.1,17.47,27.3,55.4,42
2007-07-27,21.4,15.3,18.4,2.0,12.4,22.2,44.6,73
2007-07-28,21.6,17.0,19.0,3.8,15.24,22.9,39.2,82
2007-07-29,20.8,15.6,17.8,3.5,13.74,25.8,57.2,84
2007-07-30,19.7,10.6,15.8,0.0,21.0,13.1,27.0,45
2007-07-31,20.3,9.6,15.7,0.0,25.1,11.4,25.6,12
2007-08-01,25.5,11.1,18.3,0.0,26.13,13.4,31.7,42
2007-08-02,22.0,14.9,18.0,1.8,17.43,16.8,41.0,70
2007-08-03,20.9,12.9,17.3,0.2,11.47,9.2,17.3,82
2007-08-04,26.0,14.5,20.6,0.0,26.05,9.4,19.4,8
2007-08-05,30.4,16.0,23.1,0.0,25.98,15.5,33.1,16
2007-08-06,21.1,17.0,19.1,4.7,9.57,13.4,27.7,98
2007-08-07,20.4,11.2,16.7,1.3,18.77,10.3,22.0,49
2007-08-08,18.3,12.8,15.2,17.3,12.51,18.0,39.6,96
2007-08-09,18.1,11.4,15.0,0.2,11.54,20.9,44.3,100
2007-08-10,19.3,14.4,16.4,0.7,6.21,20.9,37.8,97
2007-08-11,21.3,14.9,18.0,0.0,9.37,8.8,18.0,98
2007-08-12,22.4,16.1,18.8,9.0,14.33,15.2,29.9,60
2007-08-13,21.2,13.4,17.2,0.0,20.66,14.6,31.0,70
2007-08-14,23.0,13.1,18.0,0.5,14.61,28.5,63.0,91
2007-08-15,22.4,17.3,20.2,9.1,8.09,29.3,62.3,95
2007-08-16,19.5,14.1,16.6,0.8,18.44,25.5,46.8,50
2007-08-17,19.2,12.0,15.4,0.1,15.85,17.0,34.6,68
2007-08-18,20.2,9.5,15.6,0.0,15.61,17.9,36.0,55
2007-08-19,19.2,13.9,15.7,10.6,8.49,20.5,41.8,86
2007-08-20,16.6,12.9,14.3,5.7,4.87,18.0,33.5,99
2007-08-21,19.6,11.9,15.8,1.9,16.38,12.3,25.6,69
2007-08-22,20.3,14.7,16.5,17.8,8.28,21.9,44.3,97
2007-08-23,20.1,15.0,16.8,10.5,9.73,15.5,30.2,91
2007-08-24,22.2,14.1,17.8,0.5,12.74,7.8,17.6,73
2007-08-25,23.3,13.5,18.3,0.0,15.65,9.0,20.2,52
2007-08-26,24.4,12.6,18.5,0.0,17.7,12.1,22.3,80
2007-08-27,21.2,13.1,17.2,0.0,22.26,14.9,30.2,15
2007-08-28,20.0,11.2,15.5,0.0,18.71,21.9,41.4,70
2007-08-29,18.9,11.5,15.0,0.0,19.0,25.8,50.4,40
2007-08-30,19.5,9.6,14.9,0.0,17.08,15.8,32.4,42
2007-08-31,18.9,14.5,16.5,0.0,8.87,18.1,35.3,96
2007-09-01,20.0,15.2,17.2,0.4,9.54,12.6,26.6,89
2007-09-02,20.0,14.6,16.9,0.0,10.54,12.6,27.4,92
2007-09-03,18.3,13.3,15.5,0.1,8.4,20.6,39.2,82
2007-09-04,16.0,9.7,13.0,0.0,13.74,19.7,41.8,40
2007-09-05,17.8,7.2,13.1,0.0,14.39,10.5,22.0,37
2007-09-06,21.2,13.9,17.2,0.2,8.88,16.5,36.4,92
2007-09-07,19.7,14.9,17.0,0.0,10.22,19.8,40.7,96
2007-09-08,21.5,12.4,17.0,0.0,16.96,13.0,29.9,41
2007-09-09,19.0,14.3,16.4,0.2,11.59,15.3,33.8,73
2007-09-10,19.1,9.9,14.8,0.0,10.25,20.2,42.1,62
2007-09-11,17.6,10.8,14.5,0.0,11.17,14.4,32.0,56
2007-09-12,17.1,9.6,13.7,0.0,11.87,14.6,31.0,36
2007-09-13,21.3,10.3,15.5,0.0,18.57,13.5,30.2,1
2007-09-14,21.6,8.7,15.6,0.0,18.1,12.1,28.1,27
2007-09-15,20.3,12.5,16.3,0.0,8.28,8.4,17.3,76
2007-09-16,24.3,12.8,18.4,0.0,16.59,13.9,31.7,32
2007-09-17,21.0,11.9,16.0,2.8,12.19,18.7,40.7,81
2007-09-18,15.4,9.4,12.1,1.0,12.64,20.6,41.4,44
2007-09-19,15.6,5.4,10.8,0.0,9.93,11.8,29.2,69
2007-09-20,18.6,8.3,13.1,0.0,16.39,14.7,33.5,35
2007-09-21,21.9,7.6,14.5,0.0,14.95,8.5,24.5,74
2007-09-22,22.1,8.1,15.3,0.0,13.55,9.9,21.6,46
2007-09-23,20.8,14.1,17.1,0.0,9.95,13.5,30.6,80
2007-09-24,17.8,12.4,14.9,2.3,6.12,28.2,53.3,46
2007-09-25,15.9,9.0,12.5,0.2,11.31,17.7,40.3,38
2007-09-26,14.3,8.3,10.5,2.2,11.52,23.1,47.9,60
2007-09-27,15.1,7.9,10.9,1.2,7.21,25.0,48.2,85
2007-09-28,12.8,10.4,11.8,9.2,2.93,21.7,40.7,99
2007-09-29,17.1,9.8,13.0,0.5,8.73,18.8,37.8,74
2007-09-30,19.6,6.3,13.1,0.3,14.05,12.2,26.6,70
2007-10-01,20.8,13.2,16.4,13.2,5.45,12.8,29.5,100
2007-10-02,18.3,13.9,16.0,3.0,3.91,6.8,19.4,100
2007-10-03,20.7,15.0,17.2,0.0,6.43,7.2,19.4,82
2007-10-04,18.0,13.3,14.9,0.0,9.12,12.6,25.6,80
2007-10-05,19.3,12.3,15.4,0.0,12.05,19.1,36.4,68
2007-10-06,18.9,10.4,14.5,0.0,13.41,14.6,27.7,20
2007-10-07,18.2,7.0,12.6,0.0,13.9,9.2,16.2,0
2007-10-08,16.7,7.1,11.8,0.0,8.92,11.7,22.0,75
2007-10-09,17.6,11.2,13.8,8.9,7.32,15.6,34.2,92
2007-10-10,16.1,8.6,12.3,4.5,8.45,19.4,40.0,61
2007-10-11,16.5,10.6,13.3,0.0,7.85,13.6,26.6,87
2007-10-12,15.3,9.0,12.5,0.0,5.18,9.5,22.7,95
2007-10-13,15.1,12.2,13.6,0.0,5.43,11.9,24.5,91
2007-10-14,17.9,8.0,12.5,0.0,12.23,11.0,24.1,3
2007-10-15,17.2,9.5,12.7,0.0,8.57,18.4,38.2,43
2007-10-16,19.8,8.3,13.5,0.0,10.94,15.2,34.6,17
2007-10-17,16.1,10.8,13.8,1.4,4.84,22.1,45.0,77
2007-10-18,13.4,6.5,10.3,0.0,9.18,12.1,27.4,36
2007-10-19,12.4,4.9,8.6,0.0,7.66,12.9,30.2,48
2007-10-20,10.3,4.2,6.8,0.0,9.14,15.4,31.7,23
2007-10-21,10.8,0.3,5.5,0.0,10.82,10.2,20.5,8
2007-10-22,10.3,4.7,7.3,0.0,9.99,14.8,31.3,73
2007-10-23,10.2,1.3,5.3,0.0,10.74,17.6,34.9,20
2007-10-24,9.4,2.1,6.0,0.0,8.76,20.9,42.8,37
2007-10-25,10.8,5.6,8.1,0.0,3.62,17.4,32.4,80
2007-10-26,11.0,8.0,9.3,0.0,3.47,11.8,28.1,100
2007-10-27,10.5,7.8,9.0,0.0,4.2,5.8,12.2,99
2007-10-28,12.3,7.4,9.3,0.0,6.35,13.5,28.1,98
2007-10-29,10.5,8.0,9.2,19.5,0.94,21.2,38.9,98
2007-10-30,12.0,5.6,8.3,0.8,7.27,17.8,32.8,30
2007-10-31,11.3,3.0,6.9,0.0,8.16,11.2,25.6,14
2007-11-01,13.9,5.4,9.4,0.0,4.7,12.6,23.0,78
2007-11-02,12.7,9.6,11.1,0.0,3.06,11.2,23.8,98
2007-11-03,14.5,10.8,12.2,0.0,3.08,12.0,25.2,99
2007-11-04,12.2,8.5,10.8,0.2,4.31,15.1,32.8,86
2007-11-05,11.5,5.2,8.6,0.0,6.38,10.8,21.6,59
2007-11-06,10.7,5.8,8.7,0.2,7.22,16.5,36.4,53
2007-11-07,12.0,4.6,8.4,0.0,4.29,20.9,42.5,91
2007-11-08,13.0,8.0,10.4,0.6,4.2,26.3,52.9,87
2007-11-09,9.7,3.8,6.9,1.4,6.3,29.2,61.6,43
2007-11-10,11.2,3.6,8.6,0.0,0.98,22.6,45.7,85
2007-11-11,12.4,8.3,10.3,0.5,3.79,28.2,58.3,90
2007-11-12,8.0,2.3,5.7,0.0,5.59,11.7,24.5,45
2007-11-13,7.6,1.3,4.8,2.7,1.85,24.3,45.4,90
2007-11-14,7.2,1.6,5.4,0.3,6.13,20.6,41.8,53
2007-11-15,4.5,-0.8,1.1,0.0,7.37,15.3,31.7,2
2007-11-16,3.6,-3.0,-0.5,0.0,6.85,9.8,19.8,18
2007-11-17,5.2,-2.9,-0.1,0.0,6.99,10.5,14.4,0
2007-11-18,4.3,-2.8,0.5,3.1,3.97,23.5,45.7,69
2007-11-19,8.9,2.4,5.7,3.8,2.81,19.3,40.7,99
2007-11-20,10.8,6.1,8.9,15.0,0.89,20.6,41.0,100
2007-11-21,12.5,6.8,10.1,5.9,5.23,19.6,57.2,56
2007-11-22,11.7,5.4,7.9,0.0,4.85,13.3,28.8,42
2007-11-23,8.0,3.6,6.1,0.6,1.95,21.9,42.1,80
2007-11-24,7.1,-0.2,3.0,0.0,6.18,16.0,28.8,9
2007-11-25,10.0,4.0,7.1,0.0,3.78,17.7,34.2,96
2007-11-26,7.9,3.6,5.7,0.0,5.39,12.6,25.2,62
2007-11-27,7.1,1.9,4.1,0.0,3.9,8.1,10.8,51
2007-11-28,3.2,-1.0,1.2,0.0,2.91,10.9,18.7,61
2007-11-29,9.1,1.7,5.6,2.1,2.19,21.9,46.8,91
2007-11-30,9.0,3.6,6.2,0.1,4.24,21.1,39.6,78
2007-12-01,9.8,6.8,8.6,5.4,4.59,29.8,68.8,79
2007-12-02,11.0,7.8,9.7,14.1,0.89,42.0,87.5,92
2007-12-03,10.3,7.5,8.6,2.2,4.78,34.0,80.3,50
2007-12-04,11.4,5.7,8.4,0.9,3.62,21.5,47.5,74
2007-12-05,11.7,9.6,10.7,1.6,1.73,32.6,60.1,83
2007-12-06,12.6,8.2,10.3,6.2,1.19,30.1,59.0,95
2007-12-07,12.7,6.6,10.5,3.0,3.52,32.5,73.8,90
2007-12-08,11.2,3.7,6.0,9.1,1.26,31.7,76.7,81
2007-12-09,10.9,6.5,8.2,2.8,3.6,36.7,81.7,72
2007-12-10,7.3,6.0,6.6,3.6,1.32,26.5,51.5,87
2007-12-11,6.4,2.2,4.8,0.6,3.85,21.9,40.0,60
2007-12-12,5.6,-2.0,1.7,0.0,3.75,9.7,18.4,33
2007-12-13,5.4,0.7,3.1,0.0,4.34,14.5,28.4,70
2007-12-14,4.2,0.8,2.4,0.0,3.97,17.7,33.8,68
2007-12-15,2.0,-2.5,-0.4,0.0,5.14,18.5,37.8,18
2007-12-16,1.8,-3.9,-1.5,0.0,5.03,15.8,32.0,1
2007-12-17,1.2,-2.7,-1.1,0.0,4.76,20.2,40.3,42
2007-12-18,0.6,-4.6,-2.3,0.0,4.99,14.6,27.7,11
2007-12-19,1.3,-5.3,-2.9,0.0,5.06,10.2,21.6,1
2007-12-20,2.5,-5.4,-2.8,0.0,5.03,9.7,19.8,0
2007-12-21,4.8,-4.6,-1.4,0.0,4.7,10.2,19.4,71
2007-12-22,5.0,-3.7,-0.7,0.0,4.68,11.5,18.4,8
2007-12-23,4.9,-2.4,0.5,0.0,4.79,9.7,13.0,19
2007-12-24,4.9,-4.3,-0.5,0.0,4.89,11.2,19.8,9
2007-12-25,5.9,-0.7,1.6,0.0,4.2,16.8,30.2,99
2007-12-26,6.7,0.1,3.4,2.4,3.03,12.2,26.6,81
2007-12-27,7.4,3.1,5.1,0.0,1.38,12.0,24.5,100
2007-12-28,7.3,3.5,5.9,0.0,1.98,18.5,35.3,82
2007-12-29,8.7,3.8,6.0,1.9,2.1,28.7,54.0,68
2007-12-30,8.2,3.2,5.0,0.3,3.77,17.1,35.6,51
2007-12-31,6.1,1.0,3.6,0.1,1.66,6.9,11.9,76
2008-01-01,4.4,0.8,3.4,0.0,2.04,12.6,24.1,100
2008-01-02,2.6,-1.6,0.4,0.0,4.82,17.4,33.5,76
2008-01-03,5.8,-1.2,2.1,2.4,2.32,15.0,28.1,99
2008-01-04,8.9,3.8,6.6,1.7,2.42,30.4,56.2,97
2008-01-05,9.5,7.2,8.3,10.0,2.94,35.2,77.4,90
2008-01-06,8.1,4.6,6.8,0.2,3.4,18.5,33.5,82
2008-01-07,11.3,7.2,8.7,0.7,5.0,25.2,53.6,52
2008-01-08,7.4,4.2,5.8,0.0,2.39,18.7,36.0,77
2008-01-09,8.7,4.8,7.1,2.2,2.78,21.3,40.3,91
2008-01-10,10.7,3.5,7.1,0.0,2.13,27.2,53.6,97
2008-01-11,10.5,6.7,9.0,3.3,1.48,31.1,68.0,93
2008-01-12,8.0,3.5,5.7,0.2,5.35,26.7,56.2,42
2008-01-13,8.2,3.5,5.6,0.0,4.23,23.2,42.8,93
2008-01-14,9.9,4.5,6.9,1.5,4.27,23.4,53.6,70
2008-01-15,8.6,6.8,7.9,7.3,0.64,41.2,99.0,100
2008-01-16,8.8,4.5,6.8,4.3,2.91,32.6,79.9,75
2008-01-17,11.3,3.9,7.4,1.4,2.74,28.5,54.4,88
2008-01-18,11.8,8.1,10.1,0.0,2.09,23.9,52.6,95
2008-01-19,12.6,10.7,11.5,0.0,2.91,23.9,48.6,94
2008-01-20,12.4,8.2,9.8,0.0,4.38,16.6,33.1,88
2008-01-21,10.6,5.5,8.4,0.0,5.08,27.2,52.2,85
2008-01-22,10.5,3.0,7.4,2.3,4.01,32.8,74.2,92
2008-01-23,9.6,2.1,5.6,0.0,3.84,13.6,28.8,67
2008-01-24,10.4,6.0,7.6,0.4,2.26,17.3,36.4,91
2008-01-25,7.2,-2.6,2.4,0.0,5.65,11.0,20.5,44
2008-01-26,7.7,-3.0,1.0,0.0,6.6,9.7,19.1,60
2008-01-27,8.6,-3.0,1.2,0.0,7.13,12.7,23.0,74
2008-01-28,3.4,-2.7,0.3,0.0,3.4,9.8,13.0,77
2008-01-29,4.1,0.5,1.8,0.0,3.07,5.8,14.4,100
2008-01-30,4.3,-0.7,1.7,2.5,1.21,17.6,36.4,74
2008-01-31,6.1,-1.6,2.1,1.0,4.96,38.2,70.2,78
2008-02-01,8.1,2.5,5.3,22.5,0.68,34.7,68.4,95
2008-02-02,6.3,-1.6,2.0,0.0,7.65,14.5,26.6,10
2008-02-03,7.5,-1.8,2.6,0.0,6.79,27.7,51.5,92
2008-02-04,8.0,3.0,6.2,4.4,5.26,29.6,76.0,82
2008-02-05,11.8,2.7,8.0,4.7,1.49,35.3,79.2,100
2008-02-06,11.1,4.2,9.4,0.7,5.84,31.4,70.2,45
2008-02-07,7.7,-0.3,3.5,0.0,5.32,9.7,17.3,44
2008-02-08,11.0,0.2,4.6,0.0,8.97,11.6,23.8,0
2008-02-09,10.7,-0.1,4.3,0.0,9.21,10.6,22.3,19
2008-02-10,10.2,-2.3,3.1,0.0,9.43,10.1,21.2,0
2008-02-11,11.1,-0.4,4.4,0.0,9.51,14.3,28.4,5
2008-02-12,10.6,-1.5,4.4,0.0,9.74,11.3,20.9,11
2008-02-13,10.6,-1.2,4.2,0.0,9.92,11.3,22.0,0
2008-02-14,8.6,-2.8,2.2,0.0,9.41,12.6,23.8,8
2008-02-15,5.6,-1.1,2.0,0.0,6.78,16.9,36.0,66
2008-02-16,5.4,-2.3,0.9,0.0,10.86,18.8,38.2,0
2008-02-17,7.2,-3.4,0.9,0.0,10.97,14.6,27.4,0
2008-02-18,8.9,-3.8,1.5,0.0,11.01,12.4,24.8,0
2008-02-19,9.9,-3.3,2.9,0.0,10.73,11.2,23.4,22
2008-02-20,8.2,4.5,6.6,5.8,1.36,10.8,19.4,96
2008-02-21,11.0,6.0,8.1,0.1,5.12,14.6,29.5,100
2008-02-22,11.8,8.5,9.8,0.1,3.6,20.2,39.6,99
2008-02-23,11.7,6.4,8.9,0.0,5.52,10.2,22.7,84
2008-02-24,15.2,0.9,7.9,0.0,11.69,15.9,33.1,19
2008-02-25,11.8,7.7,10.0,1.9,3.7,15.7,29.2,98
2008-02-26,10.7,8.4,9.5,5.8,1.3,26.1,59.8,89
2008-02-27,10.4,4.9,7.5,0.0,7.11,14.8,29.5,93
2008-02-28,11.7,6.1,8.7,1.4,1.58,17.2,30.2,100
2008-02-29,12.4,9.2,10.8,0.5,4.46,29.1,54.7,100
2008-03-01,12.3,8.3,10.9,0.3,8.92,36.1,69.5,74
2008-03-02,12.6,7.6,9.8,0.0,3.02,22.9,47.9,87
2008-03-03,10.2,5.1,8.5,1.8,10.11,22.4,47.2,75
2008-03-04,7.6,2.1,4.5,2.0,10.5,27.8,61.6,74
2008-03-05,6.6,-0.3,3.0,0.0,11.34,20.6,44.6,33
2008-03-06,10.2,-2.1,4.1,0.0,6.87,10.1,24.8,68
2008-03-07,9.8,3.8,6.6,0.9,8.16,14.6,31.7,82
2008-03-08,10.4,-0.7,5.8,0.0,12.0,19.1,37.4,92
2008-03-09,9.7,4.8,7.6,5.7,3.8,22.9,45.7,84
2008-03-10,9.0,3.6,5.7,7.8,4.04,45.3,84.2,85
2008-03-11,13.1,6.0,9.3,1.9,6.88,34.2,76.0,81
2008-03-12,12.3,6.2,9.6,5.0,11.51,36.2,86.0,60
2008-03-13,10.7,5.5,7.8,1.8,6.44,23.3,46.1,91
2008-03-14,12.5,9.2,10.7,0.2,3.17,24.7,47.9,100
2008-03-15,17.6,6.5,11.4,3.8,12.42,27.2,53.6,99
2008-03-16,12.5,8.0,9.6,8.4,7.65,27.8,56.2,94
2008-03-17,8.8,5.2,6.9,0.6,8.61,19.8,40.3,93
2008-03-18,7.5,-0.1,4.0,0.0,11.79,17.1,34.6,40
2008-03-19,7.9,-0.3,3.6,0.8,14.89,22.0,46.4,34
2008-03-20,8.5,-0.7,4.0,1.0,10.32,27.4,50.8,80
2008-03-21,8.3,4.3,6.9,9.5,12.28,33.5,71.3,66
2008-03-22,8.3,0.4,4.1,3.1,12.78,25.8,47.9,70
2008-03-23,6.2,-2.1,2.2,2.5,14.43,22.3,46.8,70
2008-03-24,7.0,0.0,2.9,2.7,13.74,21.8,50.8,77
2008-03-25,7.3,-1.0,3.1,1.4,12.13,21.1,43.9,71
2008-03-26,10.0,2.8,6.2,4.1,8.47,14.2,28.4,88
2008-03-27,10.2,3.5,6.4,6.9,15.07,22.3,45.0,66
2008-03-28,9.9,0.2,5.2,5.4,4.57,31.4,69.8,75
2008-03-29,12.1,3.4,8.1,0.0,12.97,23.6,51.1,66
2008-03-30,11.5,7.6,9.5,4.2,6.41,22.1,47.9,95
2008-03-31,12.2,4.7,8.1,0.7,10.69,18.3,34.2,68
2008-04-01,12.5,3.6,8.2,0.2,8.68,23.7,46.8,77
2008-04-02,11.9,5.5,8.8,0.4,5.8,19.7,41.4,96
2008-04-03,12.0,8.2,10.1,0.2,11.95,18.4,37.4,78
2008-04-04,13.2,2.0,7.9,0.0,15.35,9.5,22.3,48
2008-04-05,10.5,4.9,8.0,1.9,7.61,18.7,40.3,80
2008-04-06,7.8,0.8,3.9,4.0,16.14,24.1,42.1,72
2008-04-07,8.2,-0.1,3.6,1.8,19.07,25.6,45.7,59
2008-04-08,9.4,-0.7,4.5,0.0,15.75,12.3,29.2,94
2008-04-09,8.0,1.7,5.2,2.2,7.13,17.8,33.8,98
2008-04-10,10.9,0.6,5.9,0.4,13.14,12.8,32.4,86
2008-04-11,12.3,3.1,7.9,0.2,18.08,17.8,39.6,77
2008-04-12,13.0,4.0,8.1,4.5,15.74,22.8,49.0,55
2008-04-13,12.1,6.3,8.5,7.8,12.06,14.6,31.7,90
2008-04-14,10.8,4.5,7.4,6.0,15.51,20.9,47.2,74
2008-04-15,10.8,2.8,6.6,0.2,18.31,10.9,27.7,50
2008-04-16,11.6,-0.9,6.0,0.0,23.18,13.0,28.4,10
2008-04-17,11.5,1.2,6.7,0.2,21.28,28.6,58.3,52
2008-04-18,15.0,6.7,10.2,3.5,12.96,19.9,42.8,97
2008-04-19,15.1,8.5,11.1,8.2,13.54,19.8,38.5,81
2008-04-20,15.5,7.0,11.1,3.5,14.78,14.7,34.6,91
2008-04-21,14.7,9.9,12.1,5.1,10.62,21.6,50.0,99
2008-04-22,17.0,5.9,11.8,1.3,15.11,8.1,20.5,73
2008-04-23,14.6,8.5,11.6,0.7,11.9,14.6,32.8,55
2008-04-24,16.6,3.2,10.8,0.6,20.05,21.3,43.6,34
2008-04-25,16.0,6.1,11.1,0.0,20.79,9.7,22.7,77
2008-04-26,18.7,5.4,12.5,0.0,22.49,12.6,28.1,89
2008-04-27,22.5,9.5,15.7,0.0,21.1,14.6,31.7,84
2008-04-28,15.6,9.0,12.3,5.1,15.36,20.1,47.2,90
2008-04-29,13.1,6.6,9.4,9.0,10.13,27.1,58.0,89
2008-04-30,14.0,8.2,10.7,3.5,18.01,32.6,73.1,73
2008-05-01,14.2,6.7,9.9,3.0,17.24,23.5,49.7,79
2008-05-02,16.3,5.1,11.0,0.0,18.4,10.0,24.5,72
2008-05-03,21.3,8.7,14.8,0.0,25.17,11.5,28.1,54
2008-05-04,22.0,9.8,15.9,0.0,23.12,13.7,27.4,67
2008-05-05,20.1,9.9,15.1,0.0,20.95,19.8,37.8,68
2008-05-06,21.3,9.6,15.7,0.0,26.09,15.5,36.4,1
2008-05-07,22.9,10.4,17.1,0.0,25.59,15.7,33.1,10
2008-05-08,23.8,11.6,17.9,0.0,26.54,15.9,34.9,13
2008-05-09,23.9,12.6,18.4,0.0,22.67,16.9,34.9,72
2008-05-10,23.8,13.7,18.7,0.0,24.71,15.8,32.4,94
2008-05-11,22.9,12.2,18.1,0.0,27.54,16.9,36.0,11
2008-05-12,23.1,11.7,17.8,0.0,25.5,14.7,38.2,11
2008-05-13,24.1,10.1,17.8,0.0,25.83,12.9,28.1,24
2008-05-14,23.6,11.0,17.6,4.4,23.53,9.6,22.3,56
2008-05-15,18.2,13.4,15.8,6.1,10.43,9.3,20.5,96
2008-05-16,20.3,10.2,15.3,5.5,20.47,11.2,20.9,81
2008-05-17,18.4,11.2,14.6,5.9,18.99,14.9,34.9,66
2008-05-18,16.9,8.5,12.6,8.6,17.56,20.0,39.2,74
2008-05-19,15.2,9.1,12.2,0.0,16.09,19.6,45.7,79
2008-05-20,16.7,7.9,12.4,0.0,18.32,16.6,36.0,64
2008-05-21,17.7,9.5,14.1,0.0,17.07,14.3,27.4,74
2008-05-22,18.3,10.6,14.9,0.0,14.95,9.2,24.1,81
2008-05-23,20.4,10.8,15.7,0.0,20.5,12.7,27.4,77
2008-05-24,21.5,13.4,16.7,16.5,14.85,18.6,44.3,97
2008-05-25,20.8,10.8,16.2,1.1,20.53,13.4,24.5,74
2008-05-26,21.2,14.4,17.0,8.7,18.03,18.2,32.4,85
2008-05-27,19.6,10.7,15.8,10.3,10.27,17.9,45.4,94
2008-05-28,20.3,14.5,17.3,2.5,18.19,29.6,55.8,84
2008-05-29,20.5,12.0,16.2,1.4,13.29,9.8,21.6,94
2008-05-30,21.9,12.2,16.9,0.0,20.75,11.2,22.0,92
2008-05-31,18.7,12.8,16.0,1.0,14.28,10.9,27.4,96
2008-06-01,21.6,11.6,16.5,2.4,20.2,12.5,24.5,95
2008-06-02,21.5,14.3,17.8,3.7,16.12,10.8,27.0,90
2008-06-03,19.0,14.0,16.0,1.1,15.68,19.9,48.6,90
2008-06-04,17.0,12.5,14.4,0.5,4.89,12.6,24.1,100
2008-06-05,18.8,12.2,15.1,0.0,16.43,10.4,28.4,100
2008-06-06,15.8,11.6,13.6,0.4,12.14,17.6,35.3,99
2008-06-07,17.5,9.8,13.6,2.3,11.55,18.2,34.2,97
2008-06-08,20.3,9.2,15.3,0.0,17.67,14.2,29.2,58
2008-06-09,24.9,13.4,18.8,0.2,24.84,16.1,36.0,29
2008-06-10,25.0,13.9,19.8,0.0,27.32,15.7,29.9,5
2008-06-11,20.4,12.6,16.9,0.0,22.15,19.7,41.4,45
2008-06-12,16.3,10.8,13.5,4.7,13.76,25.9,49.7,55
2008-06-13,16.1,6.6,12.4,0.1,20.04,10.0,23.8,45
2008-06-14,17.6,10.4,13.9,0.1,20.48,14.1,31.0,86
2008-06-15,17.2,10.0,13.6,1.4,18.81,11.3,23.8,98
2008-06-16,18.6,8.5,14.1,3.4,23.08,16.3,27.7,62
2008-06-17,20.8,9.4,15.8,0.0,24.9,11.8,22.3,28
2008-06-18,20.7,11.4,16.4,0.0,26.22,18.9,42.1,60
2008-06-19,21.3,12.4,16.6,2.5,17.49,25.5,58.0,72
2008-06-20,21.3,13.2,17.6,0.3,15.25,12.7,29.9,83
2008-06-21,26.4,13.2,20.1,0.0,24.87,12.7,27.7,36
2008-06-22,26.3,16.3,21.4,2.9,21.25,21.4,54.0,42
2008-06-23,21.5,11.1,16.7,0.3,26.43,15.8,34.9,30
2008-06-24,27.1,13.7,20.3,4.1,24.94,11.4,23.8,24
2008-06-25,24.0,18.0,20.6,0.0,25.64,17.2,38.9,42
2008-06-26,22.7,12.3,17.9,0.0,23.3,11.2,23.4,68
2008-06-27,20.8,12.6,17.4,0.0,13.99,17.7,35.3,66
2008-06-28,24.0,15.5,19.5,0.1,16.85,13.7,33.8,67
2008-06-29,23.2,15.7,19.4,0.0,13.5,11.3,24.5,91
2008-06-30,23.4,12.5,18.5,0.0,28.28,9.5,22.3,22
2008-07-01,28.4,12.3,21.2,0.0,29.25,13.7,29.9,2
2008-07-02,22.6,18.0,20.3,5.9,13.76,13.9,37.4,88
2008-07-03,21.4,14.7,17.3,2.8,20.72,23.4,39.6,65
2008-07-04,21.2,10.4,16.3,0.8,23.86,14.3,25.6,34
2008-07-05,21.9,15.3,18.0,9.9,13.02,16.7,40.7,82
2008-07-06,21.0,12.1,16.9,0.0,20.32,28.5,56.2,51
2008-07-07,19.3,13.2,15.9,4.4,18.01,30.5,75.6,68
2008-07-08,19.4,13.9,16.2,0.7,14.28,26.7,52.9,76
2008-07-09,22.6,13.2,17.8,0.0,16.54,19.1,40.7,70
2008-07-10,25.4,14.6,19.9,1.8,18.96,26.5,51.5,59
2008-07-11,21.5,15.5,18.1,5.7,14.1,21.9,43.9,73
2008-07-12,19.1,13.5,16.4,0.2,19.21,18.3,37.4,50
2008-07-13,19.0,10.1,14.9,2.3,22.2,11.6,28.8,46
2008-07-14,21.8,9.2,16.4,0.0,24.23,8.4,18.4,24
2008-07-15,24.4,11.8,18.6,0.0,22.12,14.0,28.1,18
2008-07-16,22.1,15.3,18.1,0.0,15.43,16.8,36.7,78
2008-07-17,22.2,12.7,17.6,0.0,21.66,15.8,33.8,70
2008-07-18,21.0,14.6,17.9,0.2,12.51,16.7,36.7,81
2008-07-19,22.9,16.6,19.2,0.4,17.31,25.2,54.4,54
2008-07-20,20.4,11.6,16.0,0.2,21.25,22.7,47.2,39
2008-07-21,20.1,11.4,15.8,0.0,23.04,20.9,43.6,40
2008-07-22,23.4,10.9,17.5,0.0,26.19,10.5,28.1,8
2008-07-23,25.8,12.4,19.6,0.0,26.46,16.2,36.4,5
2008-07-24,27.2,14.6,21.4,0.0,27.85,20.8,44.3,17
2008-07-25,27.2,15.9,21.7,0.4,19.49,12.7,27.7,80
2008-07-26,25.1,16.8,20.5,10.1,20.06,9.6,22.3,76
2008-07-27,27.1,16.3,21.9,0.0,20.33,9.7,25.9,54
2008-07-28,29.3,17.0,23.6,0.5,22.6,18.0,35.6,43
2008-07-29,25.2,15.7,20.7,5.8,20.25,15.5,35.6,72
2008-07-30,28.5,17.3,23.2,0.0,22.51,8.4,19.1,45
2008-07-31,31.8,19.8,24.9,2.5,21.01,13.7,32.0,83
2008-08-01,22.7,17.6,20.6,0.0,13.84,21.9,40.7,80
2008-08-02,21.3,15.3,18.4,1.3,4.42,28.5,49.7,82
2008-08-03,23.3,17.0,19.8,2.2,8.47,27.7,50.8,92
2008-08-04,24.2,16.3,19.8,5.4,19.1,24.3,51.5,72
2008-08-05,26.1,15.2,20.3,0.0,20.24,11.4,27.4,66
2008-08-06,30.1,15.2,23.4,0.0,24.26,13.3,28.1,19
2008-08-07,24.0,17.7,20.7,17.3,14.96,21.0,50.8,81
2008-08-08,21.7,15.4,18.2,1.6,16.79,23.7,50.8,73
2008-08-09,23.5,14.8,19.0,0.0,20.38,17.5,36.7,65
2008-08-10,21.8,16.3,19.0,0.0,10.33,23.9,47.9,80
2008-08-11,22.6,14.8,18.4,0.1,16.85,15.9,35.6,87
2008-08-12,22.9,15.8,19.1,6.5,20.03,31.1,61.9,55
2008-08-13,21.0,14.9,17.7,0.0,17.47,33.0,67.0,44
2008-08-14,20.3,12.1,16.5,0.9,17.9,15.0,31.0,71
2008-08-15,21.0,12.2,16.1,0.0,18.69,13.0,28.8,61
2008-08-16,22.7,12.0,17.4,0.0,15.99,16.9,38.5,94
2008-08-17,21.3,14.7,17.8,0.6,16.9,18.7,43.6,70
2008-08-18,22.6,14.7,18.8,0.2,8.94,27.8,54.0,66
2008-08-19,21.9,15.5,18.5,0.1,14.14,29.3,57.2,58
2008-08-20,21.3,15.3,18.0,0.0,13.66,20.5,43.2,75
2008-08-21,22.7,14.3,18.3,0.9,11.11,17.7,35.3,70
2008-08-22,18.7,14.7,16.3,15.8,6.77,15.8,33.1,86
2008-08-23,19.1,11.5,15.5,0.0,16.25,14.7,33.5,54
2008-08-24,19.5,12.2,15.8,3.3,12.53,17.8,37.8,79
2008-08-25,22.0,14.4,17.6,0.9,17.44,12.2,27.0,75
2008-08-26,23.5,15.9,19.2,0.0,13.69,9.9,20.5,83
2008-08-27,23.2,15.8,18.8,0.0,17.5,10.8,23.4,60
2008-08-28,20.2,15.5,17.6,0.0,9.89,8.7,18.0,95
2008-08-29,21.1,16.1,18.3,0.0,11.8,11.5,23.0,92
2008-08-30,27.6,14.6,20.6,0.0,21.08,13.7,28.8,6
2008-08-31,25.8,16.1,20.8,4.2,14.74,18.4,43.9,78
2008-09-01,21.9,16.5,18.4,0.4,12.49,17.3,36.0,82
2008-09-02,21.5,15.8,18.1,1.4,9.07,31.5,55.4,92
2008-09-03,16.7,12.7,14.0,5.4,6.73,17.6,37.1,92
2008-09-04,18.9,10.7,14.8,1.5,11.52,24.3,50.0,77
2008-09-05,18.9,12.8,15.8,6.3,3.9,30.6,57.2,93
2008-09-06,20.3,15.3,17.6,0.0,14.93,33.5,59.8,50
2008-09-07,18.9,14.1,16.2,0.4,10.4,26.4,55.1,77
2008-09-08,19.4,10.9,15.2,0.1,15.75,11.7,25.9,42
2008-09-09,24.0,11.7,17.7,0.0,13.63,19.7,50.4,54
2008-09-10,23.3,15.5,19.1,0.3,9.0,18.2,36.7,89
2008-09-11,25.6,14.8,19.3,8.6,14.54,19.6,38.9,55
2008-09-12,17.5,12.0,14.7,5.6,12.92,13.3,29.2,66
2008-09-13,17.9,9.2,13.5,0.0,12.95,16.2,36.0,79
2008-09-14,17.8,11.6,14.5,0.0,17.4,16.9,31.0,47
2008-09-15,16.2,7.8,12.3,0.0,11.44,14.6,31.3,76
2008-09-16,16.4,8.3,12.7,0.0,14.92,15.4,32.4,65
2008-09-17,15.2,8.6,12.0,0.0,13.99,18.6,39.2,93
2008-09-18,16.3,7.7,11.4,0.1,15.86,13.2,25.9,56
2008-09-19,17.4,7.8,12.1,0.0,17.31,15.3,30.6,8
2008-09-20,18.0,7.7,12.7,0.0,17.33,19.5,40.0,2
2008-09-21,16.9,7.5,12.2,0.0,16.74,20.6,42.1,34
2008-09-22,17.1,8.3,12.7,0.0,12.17,18.2,39.6,22
2008-09-23,16.3,8.0,12.5,0.0,10.32,16.7,36.7,54
2008-09-24,17.7,11.2,13.9,2.8,10.64,11.7,23.8,76
2008-09-25,18.0,12.5,14.6,0.0,9.8,17.6,37.8,75
2008-09-26,17.8,8.6,13.2,0.0,15.57,24.5,46.1,9
2008-09-27,18.8,7.9,13.2,0.0,15.81,18.1,36.7,0
2008-09-28,18.9,6.1,12.7,0.0,15.45,9.1,19.1,19
2008-09-29,16.9,6.2,11.5,0.0,9.98,12.2,29.5,61
2008-09-30,14.5,9.3,11.8,0.9,2.88,25.8,47.5,98
2008-10-01,16.3,12.1,14.0,0.5,5.28,30.7,68.4,86
2008-10-02,14.1,8.3,11.1,1.6,11.44,25.6,57.2,64
2008-10-03,11.4,6.2,8.5,2.2,10.33,25.5,56.9,62
2008-10-04,13.6,3.5,9.0,0.0,10.66,23.3,43.9,71
2008-10-05,15.4,10.4,12.5,5.6,2.89,35.5,74.9,99
2008-10-06,17.9,13.3,15.2,1.0,8.1,27.7,48.2,83
2008-10-07,21.7,12.9,16.4,2.6,8.58,18.5,36.7,96
2008-10-08,16.0,11.7,13.8,0.2,6.86,14.2,28.1,100
2008-10-09,14.8,7.7,11.0,0.0,9.39,12.3,27.0,59
2008-10-10,17.3,5.2,11.5,0.0,10.04,9.3,23.8,41
2008-10-11,20.6,7.5,13.5,0.0,11.02,10.5,19.4,42
2008-10-12,19.4,9.3,13.8,0.8,8.36,10.0,22.0,65
2008-10-13,23.1,12.9,17.0,2.0,11.5,16.3,33.8,28
2008-10-14,17.2,11.9,14.4,0.0,6.92,9.9,18.4,98
2008-10-15,16.4,13.6,14.8,2.7,2.69,24.9,47.2,99
2008-10-16,13.6,8.3,11.8,2.9,4.1,16.4,36.7,85
2008-10-17,13.7,4.8,9.6,0.0,9.99,7.9,15.1,62
2008-10-18,13.5,6.5,10.4,0.0,7.86,6.5,14.0,80
2008-10-19,14.9,7.0,10.4,0.0,10.45,9.8,25.2,42
2008-10-20,19.5,6.7,13.0,0.0,8.77,24.8,50.4,46
2008-10-21,15.6,8.5,11.8,7.1,2.48,24.2,41.8,97
2008-10-22,13.0,6.2,9.1,0.0,8.17,10.5,24.8,68
2008-10-23,13.4,2.3,7.5,0.0,9.6,11.5,25.9,36
2008-10-24,11.4,4.5,8.2,0.1,3.65,11.2,21.2,84
2008-10-25,14.0,9.5,11.1,0.0,4.82,9.5,18.0,87
2008-10-26,14.9,8.5,11.5,0.1,5.04,21.8,44.6,96
2008-10-27,13.6,6.6,11.0,18.2,7.79,19.2,40.7,77
2008-10-28,9.4,3.3,5.9,0.2,6.96,10.0,23.8,43
2008-10-29,8.2,0.9,4.4,0.0,6.77,9.4,18.4,59
2008-10-30,6.4,1.7,3.9,1.8,4.79,21.0,43.6,94
2008-10-31,6.5,4.3,5.1,5.6,2.21,15.3,28.8,98
2008-11-01,11.8,5.8,8.3,17.7,1.83,23.7,45.7,99
2008-11-02,11.8,6.9,8.9,0.3,6.9,21.1,43.9,100
2008-11-03,16.4,8.2,11.1,0.0,7.64,14.5,28.1,58
2008-11-04,15.4,4.4,9.9,0.0,7.48,21.6,39.6,41
2008-11-05,11.0,7.6,8.9,6.8,1.42,25.1,43.2,100
2008-11-06,10.8,7.4,9.1,0.1,2.0,10.2,19.8,98
2008-11-07,10.5,6.3,8.7,5.9,2.19,18.4,33.5,80
2008-11-08,13.0,5.1,8.4,1.3,5.92,27.2,50.8,74
2008-11-09,12.6,10.5,11.7,4.8,4.8,31.1,70.9,99
2008-11-10,14.2,12.1,13.2,3.2,1.74,35.2,73.8,100
2008-11-11,14.3,7.7,10.9,5.4,6.18,36.6,81.4,61
2008-11-12,10.1,4.8,7.3,0.2,3.11,14.0,25.6,62
2008-11-13,10.5,2.4,5.8,0.0,5.29,7.9,20.5,56
2008-11-14,11.2,3.5,7.8,0.0,1.72,9.8,18.7,93
2008-11-15,12.3,9.2,10.4,0.1,2.23,9.2,20.5,98
2008-11-16,12.6,10.2,11.2,0.2,2.06,14.8,28.1,100
2008-11-17,10.9,6.6,8.2,0.3,3.91,12.0,23.0,96
2008-11-18,10.7,7.0,8.7,3.8,1.79,14.5,26.6,99
2008-11-19,10.1,6.8,8.5,0.0,2.25,16.2,27.4,92
2008-11-20,12.1,8.4,9.9,0.0,1.63,19.1,36.0,100
2008-11-21,11.0,5.8,9.3,2.2,2.05,27.5,58.7,97
2008-11-22,5.9,1.4,3.8,1.0,4.95,25.1,45.7,60
2008-11-23,6.3,-2.8,1.3,6.8,1.98,27.8,66.6,54
2008-11-24,6.4,1.1,3.9,0.5,3.53,22.0,41.0,85
2008-11-25,6.1,-1.8,1.9,0.3,4.15,19.3,39.2,54
2008-11-26,5.7,0.4,2.8,0.0,3.03,12.6,23.0,52
2008-11-27,4.7,2.4,3.6,0.1,2.19,16.5,34.2,90
2008-11-28,3.2,1.0,2.2,1.1,1.66,16.2,30.6,98
2008-11-29,4.6,0.2,2.4,2.1,2.82,13.7,25.6,93
2008-11-30,4.6,0.2,2.6,7.8,1.39,14.6,34.6,100
2008-12-01,5.7,3.0,4.2,1.3,1.98,15.5,29.5,97
2008-12-02,5.7,0.1,3.1,1.4,4.42,27.4,50.0,58
2008-12-03,7.0,0.7,4.6,6.9,0.52,27.2,50.4,92
2008-12-04,8.8,-1.7,3.4,5.6,1.25,32.5,81.7,71
2008-12-05,8.0,5.0,6.1,1.3,2.53,29.7,68.4,80
2008-12-06,7.8,3.0,5.6,1.2,3.19,21.7,40.0,66
2008-12-07,6.4,-1.3,2.3,0.0,4.68,10.0,19.8,59
2008-12-08,4.0,-1.4,1.5,0.0,4.42,9.7,22.0,94
2008-12-09,3.0,-1.7,0.3,2.4,1.41,13.5,26.6,81
2008-12-10,3.2,-0.8,1.0,0.0,2.06,16.2,32.4,47
2008-12-11,3.7,-3.6,-0.3,0.0,3.27,10.0,17.3,50
2008-12-12,1.9,-1.9,-0.0,0.0,2.81,17.1,30.6,69
2008-12-13,3.4,-1.9,0.5,4.0,1.74,24.4,45.7,91
2008-12-14,4.4,1.6,2.8,3.8,1.03,15.6,39.2,100
2008-12-15,4.7,-0.9,1.5,0.0,4.25,15.5,29.9,85
2008-12-16,1.0,-0.9,0.0,0.0,2.21,13.2,25.2,100
2008-12-17,6.4,-0.4,2.3,0.6,0.74,15.3,30.6,94
2008-12-18,7.8,0.1,4.0,0.0,0.74,14.0,24.5,98
2008-12-19,8.6,4.4,7.2,0.0,4.57,16.3,31.7,66
2008-12-20,10.2,4.6,7.8,0.0,1.02,18.7,36.4,99
2008-12-21,10.5,7.8,9.3,0.0,3.1,15.9,30.2,96
2008-12-22,9.3,6.5,7.8,0.1,1.35,11.0,19.1,94
2008-12-23,8.2,3.4,7.0,0.0,3.2,10.3,22.7,65
2008-12-24,5.4,2.5,3.8,0.0,2.03,15.3,31.3,80
2008-12-25,6.3,4.1,4.9,0.0,2.3,23.0,43.6,80
2008-12-26,3.3,-0.9,1.3,0.0,5.08,27.4,51.1,18
2008-12-27,1.9,-2.0,-0.6,0.0,4.95,19.0,37.8,0
2008-12-28,0.6,-3.5,-2.1,0.0,4.98,21.9,35.6,9
2008-12-29,1.7,-4.8,-2.5,0.0,4.97,13.3,23.0,0
2008-12-30,2.2,-3.0,-0.8,0.9,2.75,13.1,23.4,81
2008-12-31,2.5,-1.2,-0.1,0.0,3.35,8.2,18.7,88
2009-01-01,2.7,-2.7,-0.1,0.0,2.52,10.7,20.5,84
2009-01-02,1.1,-2.7,-1.2,0.0,3.21,16.1,30.6,75
2009-01-03,0.4,-3.5,-1.0,0.0,4.13,16.9,35.3,51
2009-01-04,-0.2,-6.2,-3.6,0.0,4.15,8.4,16.6,66
2009-01-05,1.1,-2.7,-1.0,3.2,1.51,14.0,25.9,97
2009-01-06,-1.6,-7.4,-3.8,0.0,4.04,18.9,36.4,76
2009-01-07,-1.0,-10.4,-5.9,0.0,5.46,12.3,26.3,32
2009-01-08,-0.2,-4.9,-1.8,0.0,4.47,16.6,31.7,48
2009-01-09,-1.3,-7.9,-5.2,0.0,5.6,9.3,18.0,0
2009-01-10,-0.1,-9.0,-5.4,0.0,5.21,9.8,12.6,11
2009-01-11,4.7,-6.6,-2.6,0.0,5.71,11.8,23.8,28
2009-01-12,5.0,-1.9,1.1,0.8,4.7,20.3,38.9,92
2009-01-13,4.1,2.3,3.1,4.6,1.4,21.4,38.2,100
2009-01-14,5.4,0.0,2.2,0.5,2.75,10.3,20.5,92
2009-01-15,2.7,-0.1,0.9,0.0,4.09,14.9,32.0,80
2009-01-16,4.5,-1.4,1.7,0.0,2.31,13.6,26.6,95
2009-01-17,7.6,4.2,5.9,0.9,1.8,26.7,49.7,99
2009-01-18,7.5,4.5,6.5,9.1,3.79,35.8,82.8,83
2009-01-19,10.4,4.6,7.3,6.0,4.67,36.7,71.3,74
2009-01-20,5.3,0.3,2.8,0.2,3.86,23.9,52.6,47
2009-01-21,4.6,-1.8,1.3,0.0,3.57,15.1,27.0,63
2009-01-22,7.4,2.6,5.0,12.0,0.72,33.4,63.7,100
2009-01-23,11.0,3.4,7.8,13.7,4.0,40.0,84.2,77
2009-01-24,5.8,1.4,3.1,0.1,3.24,22.0,33.8,86
2009-01-25,6.9,0.0,3.0,0.4,4.1,22.7,42.5,76
2009-01-26,5.9,3.4,4.5,0.2,2.67,12.3,24.5,99
2009-01-27,6.2,2.3,3.9,0.0,2.86,11.6,23.4,93
2009-01-28,4.0,-0.6,1.7,0.0,4.06,8.0,19.4,97
2009-01-29,3.0,-1.8,0.2,0.0,5.58,12.1,25.9,64
2009-01-30,5.0,-2.8,0.2,0.0,7.74,17.9,34.6,33
2009-01-31,6.1,-1.1,1.4,0.0,7.63,19.4,36.4,85
2009-02-01,2.0,-2.9,-0.9,0.0,7.02,25.9,49.7,43
2009-02-02,5.0,-1.4,1.3,8.3,1.75,15.8,32.4,98
2009-02-03,2.7,-4.2,-1.7,0.0,7.52,11.4,20.2,51
2009-02-04,3.7,-4.7,-1.0,0.0,4.84,14.5,28.8,83
2009-02-05,8.6,2.1,5.1,3.0,4.64,26.9,45.4,89
2009-02-06,9.7,1.5,4.6,0.0,6.91,17.2,34.9,45
2009-02-07,2.4,-1.3,0.7,1.9,2.49,23.3,40.7,88
2009-02-08,4.9,-1.8,1.3,0.4,5.14,16.8,32.8,83
2009-02-09,10.4,0.7,4.6,11.8,1.92,34.1,64.8,99
2009-02-10,10.3,1.9,6.0,6.0,5.32,44.7,97.2,75
2009-02-11,6.0,-1.7,2.1,0.0,5.76,17.1,30.6,52
2009-02-12,4.8,-0.5,2.0,1.9,7.8,17.1,36.7,74
2009-02-13,4.2,0.1,1.6,3.6,2.72,16.5,30.6,96
2009-02-14,2.9,-2.3,0.3,0.0,7.43,14.8,31.0,62
2009-02-15,4.7,-2.8,0.3,0.0,9.31,8.8,15.8,94
2009-02-16,8.6,0.2,4.8,0.3,3.66,12.6,28.4,100
2009-02-17,8.3,4.5,6.3,0.1,2.06,23.5,38.9,100
2009-02-18,7.2,2.7,5.2,0.0,2.98,14.8,29.2,100
2009-02-19,6.2,-1.1,2.3,0.0,9.82,6.1,13.7,48
2009-02-20,8.8,1.2,4.9,0.2,4.65,8.3,19.1,87
2009-02-21,8.0,3.6,5.3,0.0,3.17,7.9,19.4,94
2009-02-22,8.0,3.6,5.9,0.2,2.72,17.7,33.8,91
2009-02-23,8.1,5.3,6.4,0.9,3.88,14.1,32.4,99
2009-02-24,6.8,3.9,5.8,0.0,5.93,14.0,29.5,96
2009-02-25,7.9,1.5,4.4,0.0,10.08,6.4,14.4,80
2009-02-26,8.8,-0.4,4.6,0.0,4.45,13.0,29.9,85
2009-02-27,9.7,2.5,6.2,0.0,5.96,10.8,24.1,82
2009-02-28,12.9,3.5,7.5,0.0,10.93,11.8,21.6,46
2009-03-01,12.2,3.1,7.6,0.1,6.66,13.7,31.7,80
2009-03-02,10.4,4.9,7.4,0.1,9.84,14.0,29.9,71
2009-03-03,9.8,-0.5,4.8,0.0,10.21,24.3,44.6,46
2009-03-04,7.9,1.5,5.0,8.6,6.21,31.4,61.2,91
2009-03-05,7.4,-2.7,2.3,0.0,9.66,18.5,34.2,67
2009-03-06,8.4,0.8,3.9,0.0,11.81,22.5,46.4,53
2009-03-07,10.4,-0.9,4.7,0.0,8.17,13.9,29.5,79
2009-03-08,9.6,5.6,7.9,3.2,3.74,22.7,42.5,81
2009-03-09,9.8,3.1,6.0,0.9,12.12,27.6,60.5,51
2009-03-10,11.5,4.3,7.0,6.1,5.91,30.0,63.7,85
2009-03-11,10.4,2.1,7.0,0.1,13.6,17.3,30.6,81
2009-03-12,12.0,4.9,8.5,0.0,4.53,17.7,38.2,97
2009-03-13,12.1,6.3,8.6,0.2,8.32,9.1,19.8,88
2009-03-14,12.5,4.0,7.8,0.1,6.97,17.6,35.6,84
2009-03-15,14.0,3.5,8.2,0.0,14.94,12.9,29.2,51
2009-03-16,13.3,1.0,7.3,0.0,15.86,11.5,23.8,32
2009-03-17,14.4,1.1,7.7,0.0,15.51,14.0,27.4,34
2009-03-18,14.5,4.0,8.8,0.0,17.19,15.0,30.2,5
2009-03-19,13.9,-0.3,7.1,0.0,17.4,16.9,31.7,5
2009-03-20,10.3,1.6,6.1,0.0,17.59,16.4,35.3,18
2009-03-21,10.7,-1.6,4.7,0.0,17.85,10.1,23.0,0
2009-03-22,9.1,-0.5,4.8,0.0,10.4,15.6,34.2,53
2009-03-23,13.6,3.4,7.6,0.1,13.97,27.2,52.6,53
2009-03-24,9.0,2.9,6.0,1.5,12.2,30.6,58.3,43
2009-03-25,10.9,2.6,6.6,2.8,9.45,31.6,61.6,75
2009-03-26,10.8,4.5,7.7,0.7,6.02,29.8,55.1,87
2009-03-27,10.6,5.1,8.0,2.3,14.7,26.4,54.0,71
2009-03-28,10.6,4.5,6.9,4.8,14.59,24.7,56.2,68
2009-03-29,9.0,0.2,4.8,0.0,11.93,16.6,33.8,38
2009-03-30,9.8,-2.2,4.5,0.0,15.38,13.3,30.2,29
2009-03-31,13.4,1.4,7.3,0.0,19.82,17.9,37.4,10
2009-04-01,14.9,3.2,9.2,0.0,19.08,22.7,46.4,26
2009-04-02,16.9,6.3,11.6,0.0,15.62,14.3,30.6,34
2009-04-03,16.7,9.4,12.6,0.0,10.76,8.6,21.2,81
2009-04-04,13.2,7.3,10.3,0.0,13.39,15.6,35.3,69
2009-04-05,13.7,8.0,10.7,0.1,9.62,7.7,15.8,83
2009-04-06,18.5,6.6,12.4,0.0,18.33,16.1,41.0,42
2009-04-07,13.9,8.8,11.2,5.3,12.69,13.4,35.3,87
2009-04-08,11.8,5.7,9.3,2.6,4.01,30.8,57.2,85
2009-04-09,18.3,9.8,13.5,0.0,11.74,18.3,36.7,65
2009-04-10,18.4,10.6,14.4,0.1,15.84,22.0,51.1,80
2009-04-11,18.8,8.3,12.9,1.1,18.23,17.9,42.1,83
2009-04-12,19.1,10.1,13.9,4.9,20.06,14.5,31.7,87
2009-04-13,16.6,8.9,12.5,0.0,11.58,15.4,29.2,89
2009-04-14,18.8,11.2,14.5,4.0,16.02,8.5,24.1,66
2009-04-15,19.9,10.0,14.5,0.6,18.24,19.4,49.7,86
2009-04-16,14.6,8.2,11.5,0.1,13.46,10.3,29.5,94
2009-04-17,14.6,6.6,10.7,0.1,15.85,16.9,34.2,100
2009-04-18,11.3,7.4,9.6,5.6,6.39,12.9,27.0,100
2009-04-19,16.0,8.9,11.7,5.4,13.88,15.8,31.7,81
2009-04-20,18.2,7.9,12.9,0.0,20.57,19.5,40.0,65
2009-04-21,18.3,7.6,12.8,0.0,19.85,19.1,38.9,23
2009-04-22,17.9,5.6,12.2,0.0,21.49,13.0,28.8,42
2009-04-23,16.3,4.2,11.1,0.0,24.18,9.5,23.8,44
2009-04-24,16.9,6.0,11.6,0.0,25.32,18.7,38.9,27
2009-04-25,14.4,8.1,10.8,2.4,14.81,21.7,44.6,83
2009-04-26,14.0,7.5,10.6,2.3,10.78,7.8,14.0,100
2009-04-27,14.3,7.2,10.5,6.6,11.95,25.8,51.1,90
2009-04-28,13.0,4.4,8.8,8.3,17.75,17.9,36.7,74
2009-04-29,14.3,5.9,9.8,4.4,18.7,10.4,30.2,67
2009-04-30,16.7,3.1,10.9,0.0,19.29,8.6,25.6,56
2009-05-01,18.4,5.5,13.0,0.0,18.69,15.6,28.8,32
2009-05-02,15.4,5.5,11.3,0.0,11.66,11.0,24.5,64
2009-05-03,13.5,7.1,10.5,0.0,9.19,13.0,29.9,87
2009-05-04,14.0,4.4,10.0,0.0,17.16,13.2,28.4,79
2009-05-05,16.4,6.9,11.5,0.0,8.87,16.6,34.6,92
2009-05-06,16.1,9.3,12.6,0.0,16.12,17.3,34.2,91
2009-05-07,20.9,6.2,14.8,0.1,20.81,12.0,27.0,27
2009-05-08,16.1,11.4,13.6,0.2,14.34,20.9,48.2,81
2009-05-09,16.1,8.9,12.9,3.7,10.43,10.7,23.0,85
2009-05-10,20.0,8.0,13.8,5.7,17.43,14.2,33.5,92
2009-05-11,18.6,11.5,14.9,2.4,14.39,19.4,40.0,94
2009-05-12,18.8,11.3,14.7,11.2,11.2,20.8,38.5,85
2009-05-13,21.7,11.0,15.9,7.1,18.5,8.4,28.1,82
2009-05-14,18.2,11.4,14.6,4.2,9.8,11.9,28.1,98
2009-05-15,15.8,10.4,12.8,3.9,19.71,25.8,50.4,72
2009-05-16,16.5,8.3,12.2,1.6,12.62,26.8,51.1,84
2009-05-17,15.2,9.6,12.1,6.6,9.46,21.6,46.8,81
2009-05-18,16.7,8.3,12.6,0.2,21.21,22.4,45.7,31
2009-05-19,17.9,7.1,13.2,0.2,19.38,11.6,32.0,74
2009-05-20,20.9,8.1,15.0,0.3,24.27,8.6,16.6,93
2009-05-21,21.3,12.8,16.7,0.2,21.28,15.4,35.3,97
2009-05-22,18.5,9.5,14.2,0.0,28.01,12.4,23.8,24
2009-05-23,21.9,9.1,15.5,1.6,18.86,18.6,33.8,71
2009-05-24,26.5,12.8,20.0,0.0,24.3,11.4,19.8,40
2009-05-25,28.7,16.2,22.1,4.7,25.97,14.2,29.2,52
2009-05-26,17.9,11.4,15.2,8.5,13.27,24.2,47.2,77
2009-05-27,15.7,7.8,12.3,0.0,13.42,18.9,36.0,77
2009-05-28,18.3,13.4,15.5,0.7,9.16,16.0,31.0,95
2009-05-29,20.6,11.4,16.1,0.0,26.8,21.7,43.9,19
2009-05-30,21.1,10.7,16.3,0.0,29.22,23.8,48.2,0
2009-05-31,21.0,11.4,16.7,0.4,22.17,20.0,41.0,35
2009-06-01,23.4,12.4,18.4,0.0,26.04,19.9,46.4,51
2009-06-02,22.2,13.5,18.0,0.0,28.92,18.8,37.4,4
2009-06-03,21.5,11.0,16.4,0.0,24.93,15.4,32.0,43
2009-06-04,16.7,10.6,13.7,0.0,25.72,15.7,28.8,32
2009-06-05,18.1,8.4,13.6,0.0,28.17,17.7,38.2,79
2009-06-06,14.3,10.1,12.0,4.1,8.79,15.8,29.9,90
2009-06-07,17.4,10.5,12.9,5.4,22.99,24.2,58.7,72
2009-06-08,15.3,8.5,12.4,10.3,9.08,14.7,24.8,82
2009-06-09,17.8,11.0,14.5,2.9,17.06,29.3,63.4,60
2009-06-10,16.1,11.2,14.0,8.8,10.65,25.2,54.4,84
2009-06-11,18.3,10.6,14.7,3.5,17.98,23.9,48.2,67
2009-06-12,19.9,10.1,15.6,0.0,15.8,8.0,23.4,77
2009-06-13,24.0,13.2,19.0,0.0,22.08,7.7,21.2,56
2009-06-14,25.2,14.4,20.2,0.0,21.65,13.5,32.4,77
2009-06-15,19.3,14.7,16.4,13.9,8.5,15.5,26.6,95
2009-06-16,19.2,10.6,15.6,0.6,18.43,13.3,27.7,53
2009-06-17,23.8,10.1,17.5,0.0,27.08,13.0,29.9,53
2009-06-18,19.5,13.6,16.9,0.2,7.0,14.0,23.0,79
2009-06-19,18.4,12.6,15.2,0.1,18.63,18.4,39.2,73
2009-06-20,18.0,9.4,13.8,0.4,19.91,15.3,33.5,64
2009-06-21,18.6,8.5,14.5,0.1,20.11,16.9,37.1,57
2009-06-22,18.4,11.1,15.0,0.0,23.12,15.6,33.1,55
2009-06-23,21.2,9.5,16.0,0.0,25.65,19.6,41.0,25
2009-06-24,23.5,13.3,18.7,0.0,27.19,19.7,41.4,29
2009-06-25,25.1,15.1,20.1,9.4,21.93,14.5,35.3,50
2009-06-26,22.4,14.9,19.0,7.7,16.41,15.7,33.8,88
2009-06-27,23.5,12.7,18.7,0.0,25.49,9.2,24.5,28
2009-06-28,25.2,13.8,20.2,0.4,23.34,8.4,22.3,58
2009-06-29,27.8,15.5,22.3,0.0,28.16,11.5,24.5,14
2009-06-30,28.4,16.4,22.9,0.0,28.39,12.1,26.3,10
2009-07-01,28.2,16.5,23.0,0.0,28.17,13.4,26.3,13
2009-07-02,29.9,17.2,24.1,0.0,26.71,9.7,22.3,42
2009-07-03,25.8,18.8,22.1,0.2,24.88,15.9,31.7,46
2009-07-04,26.1,15.0,21.1,0.0,22.82,10.4,19.1,44
2009-07-05,25.7,18.1,21.9,0.0,24.04,16.3,36.4,66
2009-07-06,22.5,16.5,19.4,0.0,20.16,23.7,49.3,59
2009-07-07,21.1,14.8,17.3,1.6,20.62,23.2,58.7,68
2009-07-08,21.1,14.4,17.2,0.8,19.87,20.0,50.8,71
2009-07-09,19.6,12.6,16.2,0.1,18.61,18.8,40.3,53
2009-07-10,19.2,12.0,15.9,0.2,14.18,17.6,35.3,71
2009-07-11,20.9,13.4,17.5,0.0,11.42,10.2,27.4,89
2009-07-12,22.8,15.9,19.0,3.3,12.15,20.1,45.7,71
2009-07-13,23.9,14.1,19.2,0.6,21.51,15.9,32.4,60
2009-07-14,24.5,15.6,20.2,0.0,21.07,19.6,40.0,41
2009-07-15,23.8,15.2,19.9,0.0,19.68,21.5,48.6,38
2009-07-16,28.6,15.9,22.1,8.6,24.69,17.1,32.8,76
2009-07-17,20.9,14.2,17.8,8.2,22.36,26.8,60.1,72
2009-07-18,20.6,13.7,16.4,0.7,16.41,28.1,54.0,76
2009-07-19,20.8,14.4,17.6,1.0,16.51,23.3,48.2,69
2009-07-20,23.2,13.6,18.6,0.0,18.83,17.2,36.4,72
2009-07-21,30.1,16.8,23.3,1.5,23.03,21.3,47.2,91
2009-07-22,27.2,17.9,22.5,4.0,22.32,19.5,51.1,77
2009-07-23,23.5,16.4,19.0,2.8,17.07,14.6,41.4,85
2009-07-24,22.2,14.7,17.6,1.1,21.3,24.9,54.0,56
2009-07-25,20.9,13.1,17.3,0.0,12.89,16.6,32.4,69
2009-07-26,24.7,11.7,19.1,0.0,26.02,11.9,29.2,57
2009-07-27,22.6,12.9,18.2,0.7,15.91,17.9,46.8,39
2009-07-28,23.7,14.1,18.6,0.1,22.22,11.6,26.3,49
2009-07-29,26.6,12.3,20.0,0.1,19.08,23.5,43.9,83
2009-07-30,21.4,14.4,18.1,0.0,17.9,22.6,45.4,82
2009-07-31,23.9,13.7,18.7,0.0,20.34,9.9,24.1,76
2009-08-01,25.8,14.3,20.5,0.8,21.19,13.4,39.6,62
2009-08-02,20.8,14.8,18.0,11.4,14.66,17.6,37.1,84
2009-08-03,22.4,12.8,17.6,0.3,16.59,7.1,20.9,75
2009-08-04,25.7,12.0,19.7,0.0,20.5,11.4,24.8,18
2009-08-05,27.8,15.5,21.9,0.0,21.7,11.1,23.8,58
2009-08-06,30.1,15.0,23.3,0.0,25.33,18.9,33.5,29
2009-08-07,23.8,17.9,20.5,2.3,14.73,18.9,38.5,80
2009-08-08,23.1,16.5,19.6,1.1,11.67,14.3,25.2,74
2009-08-09,25.6,16.9,20.9,0.0,15.85,12.7,27.7,90
2009-08-10,25.9,15.2,21.1,0.0,18.68,16.3,31.7,40
2009-08-11,22.2,18.4,20.0,0.7,9.3,12.8,29.5,79
2009-08-12,27.1,13.6,20.5,0.0,24.21,15.4,30.6,4
2009-08-13,22.5,16.6,19.2,0.8,11.63,17.1,36.0,84
2009-08-14,25.7,16.7,20.8,0.0,22.46,10.5,25.2,46
2009-08-15,31.1,15.5,23.3,0.0,24.26,10.2,27.7,4
2009-08-16,29.4,15.9,22.7,0.0,23.35,13.3,25.6,36
2009-08-17,26.0,16.4,20.5,0.0,19.38,15.4,34.9,57
2009-08-18,28.1,12.7,20.6,0.0,23.25,10.1,20.5,47
2009-08-19,34.8,16.0,25.8,0.0,22.89,15.1,34.2,5
2009-08-20,30.8,20.7,25.7,0.0,19.61,21.6,49.0,63
2009-08-21,23.5,16.8,19.7,0.0,14.62,12.5,30.2,91
2009-08-22,25.3,13.5,20.0,0.0,22.9,10.9,21.6,49
2009-08-23,28.0,15.4,21.9,0.0,23.0,13.8,34.2,4
2009-08-24,29.2,14.6,21.3,5.2,15.09,14.0,41.4,51
2009-08-25,21.6,16.5,18.9,1.8,12.95,10.1,30.2,69
2009-08-26,26.4,13.3,19.4,0.0,19.16,16.6,40.7,46
2009-08-27,24.6,15.3,20.1,0.6,9.68,19.9,40.0,53
2009-08-28,22.2,16.2,19.1,0.0,19.05,23.5,47.2,56
2009-08-29,21.5,12.4,16.6,0.0,15.7,18.1,34.2,49
2009-08-30,22.7,11.1,16.9,0.0,19.59,8.0,25.2,10
2009-08-31,28.7,13.6,20.8,0.0,21.11,18.0,38.2,8
2009-09-01,23.2,18.1,20.1,4.1,7.64,22.8,44.3,57
2009-09-02,21.8,14.1,17.7,1.9,10.61,20.5,47.2,86
2009-09-03,19.3,14.2,16.6,3.4,11.4,29.6,58.7,79
2009-09-04,17.6,13.2,14.8,14.0,13.57,30.1,67.3,58
2009-09-05,18.3,11.1,14.6,0.0,11.56,16.4,35.3,57
2009-09-06,21.4,9.7,15.5,0.0,15.54,8.7,19.1,44
2009-09-07,26.4,11.0,18.4,0.0,19.87,9.7,24.5,29
2009-09-08,28.3,11.7,20.0,0.0,19.62,10.0,24.5,49
2009-09-09,26.7,12.8,20.0,0.0,15.31,17.9,33.1,71
2009-09-10,21.4,14.9,17.8,0.2,10.41,21.6,43.6,72
2009-09-11,19.7,13.4,16.3,0.0,14.21,24.6,49.3,69
2009-09-12,20.4,12.0,16.0,0.0,13.2,25.0,49.3,57
2009-09-13,18.3,10.8,14.8,0.0,9.38,21.0,39.2,61
2009-09-14,18.3,11.5,14.7,0.3,10.24,23.9,48.2,68
2009-09-15,16.9,11.1,13.8,0.3,10.4,16.1,33.5,56
2009-09-16,20.8,12.2,16.0,0.0,7.39,26.4,48.2,78
2009-09-17,18.9,14.9,16.9,0.6,5.33,22.3,46.1,97
2009-09-18,21.9,15.2,18.3,0.1,8.1,16.3,31.7,56
2009-09-19,23.1,14.5,18.8,0.0,15.34,11.2,26.6,52
2009-09-20,22.0,13.7,17.9,0.0,11.67,11.0,23.4,63
2009-09-21,21.2,13.6,17.4,0.0,9.41,12.0,25.6,65
2009-09-22,21.2,11.0,15.8,0.0,11.97,9.1,20.9,46
2009-09-23,21.6,10.2,15.4,0.0,15.83,9.4,16.6,40
2009-09-24,20.6,10.9,15.8,0.1,6.91,10.9,22.3,74
2009-09-25,20.3,9.6,15.0,0.0,16.05,13.9,31.3,9
2009-09-26,20.7,9.6,15.0,0.0,15.61,12.1,26.3,0
2009-09-27,22.1,9.5,15.7,0.0,15.54,8.8,23.8,0
2009-09-28,20.9,9.7,15.2,0.0,14.76,10.1,24.1,49
2009-09-29,20.7,10.9,15.4,0.0,14.04,9.8,21.2,48
2009-09-30,20.4,11.0,15.7,0.0,9.36,9.7,18.4,65
2009-10-01,18.7,12.0,15.6,0.1,8.0,12.1,24.8,61
2009-10-02,16.3,8.9,12.9,0.0,7.24,13.0,29.9,58
2009-10-03,17.5,7.8,12.5,0.0,11.71,21.0,46.8,64
2009-10-04,18.2,11.3,14.8,0.0,7.52,19.6,38.2,73
2009-10-05,20.7,12.5,16.0,8.3,3.68,23.7,42.8,92
2009-10-06,21.6,15.4,17.6,11.5,5.18,19.1,49.3,76
2009-10-07,22.2,15.8,18.5,11.9,7.46,20.9,47.2,91
2009-10-08,19.8,14.6,17.3,0.4,6.42,16.6,36.7,93
2009-10-09,20.0,12.8,15.7,3.8,7.34,12.5,26.6,92
2009-10-10,18.7,12.4,15.3,1.1,9.26,16.2,37.4,58
2009-10-11,16.9,9.7,13.4,1.7,5.4,22.8,42.8,89
2009-10-12,15.4,9.7,12.7,0.7,7.16,24.2,48.2,66
2009-10-13,14.2,7.8,11.1,0.0,7.01,11.5,26.3,67
2009-10-14,11.7,5.8,9.5,0.0,11.63,16.0,34.9,44
2009-10-15,9.8,2.1,6.0,0.0,9.92,21.4,44.3,24
2009-10-16,13.5,5.4,8.8,0.0,3.36,20.1,41.0,80
2009-10-17,12.1,7.1,9.5,0.0,7.74,17.0,44.3,52
2009-10-18,11.6,2.4,7.0,0.0,11.15,9.5,19.8,23
2009-10-19,11.0,1.0,5.7,0.0,9.51,16.8,33.5,55
2009-10-20,17.1,4.1,10.2,0.0,8.42,19.2,38.9,85
2009-10-21,13.9,9.8,11.7,17.3,0.97,18.5,38.5,100
2009-10-22,15.5,6.0,10.3,0.3,10.39,11.6,27.0,33
2009-10-23,14.7,7.4,10.7,0.1,5.81,14.3,29.5,72
2009-10-24,16.6,11.9,14.6,3.1,1.67,17.7,32.8,98
2009-10-25,15.3,10.0,12.5,0.0,5.64,16.9,32.4,73
2009-10-26,16.0,8.0,11.1,0.0,9.09,10.6,23.0,38
2009-10-27,15.8,4.6,9.7,0.0,9.19,13.2,28.4,65
2009-10-28,15.6,5.3,9.9,0.0,8.12,10.0,18.4,92
2009-10-29,14.4,6.0,9.5,0.0,6.26,10.3,19.8,73
2009-10-30,13.0,7.2,9.0,0.0,6.06,12.7,24.8,99
2009-10-31,15.9,5.6,10.7,0.0,5.47,8.1,20.2,91
2009-11-01,16.3,12.1,14.3,14.7,1.51,28.7,73.4,98
2009-11-02,11.5,7.1,9.8,3.8,6.6,21.4,47.9,83
2009-11-03,12.5,6.0,9.6,10.3,1.26,28.8,64.8,99
2009-11-04,12.2,7.4,9.3,3.3,4.99,29.3,60.5,72
2009-11-05,10.8,7.0,8.4,1.2,3.49,24.4,46.4,82
2009-11-06,11.4,5.3,8.1,0.5,6.9,22.5,40.0,54
2009-11-07,10.2,5.0,8.2,5.5,5.52,26.6,47.9,70
2009-11-08,8.7,4.5,6.4,2.1,2.2,17.8,32.4,92
2009-11-09,9.9,3.5,6.4,0.0,3.95,22.4,42.1,72
2009-11-10,9.1,4.0,6.4,0.0,3.66,12.3,24.1,83
2009-11-11,8.4,5.6,6.7,0.0,3.39,16.3,31.3,88
2009-11-12,13.2,6.5,10.2,0.0,5.1,20.6,37.8,98
2009-11-13,17.3,11.4,13.7,0.0,6.36,24.6,46.8,88
2009-11-14,14.7,11.8,13.5,1.2,4.95,36.9,76.3,82
2009-11-15,14.3,10.2,11.7,0.6,4.12,22.7,45.7,97
2009-11-16,15.3,10.6,13.0,4.4,2.17,22.7,46.8,98
2009-11-17,12.5,9.1,10.6,7.0,1.89,17.1,31.3,87
2009-11-18,11.9,8.6,9.8,0.0,3.8,26.3,50.8,61
2009-11-19,14.4,5.4,9.4,0.0,6.52,17.7,33.1,15
2009-11-20,16.0,9.6,12.0,0.0,5.39,18.3,38.2,49
2009-11-21,15.8,10.4,12.9,0.0,4.98,19.9,36.7,69
2009-11-22,15.0,9.1,11.8,4.8,4.38,39.8,81.0,64
2009-11-23,12.8,8.7,10.8,3.7,2.21,36.0,77.0,83
2009-11-24,13.6,11.7,12.5,0.9,2.25,29.2,58.0,92
2009-11-25,11.7,7.9,10.1,1.9,0.88,26.5,50.8,60
2009-11-26,11.0,7.4,8.7,1.1,4.6,31.8,61.6,47
2009-11-27,10.0,6.1,8.3,1.2,5.13,32.4,67.3,57
2009-11-28,10.2,6.3,8.6,5.7,1.05,33.6,74.5,94
2009-11-29,9.8,6.1,8.4,4.5,2.35,35.8,83.9,95
2009-11-30,8.3,3.8,5.8,0.4,3.42,21.5,38.9,71
2009-12-01,7.7,3.7,5.3,0.0,3.64,19.9,41.0,70
2009-12-02,9.7,4.5,6.7,5.6,1.31,24.8,48.6,96
2009-12-03,9.8,4.6,8.3,0.7,3.41,26.5,48.6,66
2009-12-04,7.7,1.8,4.6,3.1,5.41,15.3,28.1,57
2009-12-05,11.7,5.4,9.0,5.2,2.54,24.6,50.4,98
2009-12-06,12.5,6.8,10.6,4.4,0.97,29.5,64.4,73
2009-12-07,10.7,4.6,7.4,3.4,2.39,27.2,59.4,70
2009-12-08,9.0,4.3,6.7,2.3,4.42,24.3,51.8,61
2009-12-09,12.0,7.7,10.3,2.9,0.66,15.0,27.7,100
2009-12-10,12.0,6.4,10.0,3.0,3.5,17.6,34.9,72
2009-12-11,8.8,1.6,5.3,0.0,4.28,17.4,33.1,47
2009-12-12,5.8,1.9,3.8,0.2,1.76,21.0,38.2,67
2009-12-13,2.6,-0.4,1.5,0.0,2.75,24.2,45.4,65
2009-12-14,0.8,-1.7,-0.6,0.0,4.93,21.2,37.4,67
2009-12-15,0.1,-4.4,-2.0,0.0,4.75,15.3,32.0,56
2009-12-16,0.4,-4.1,-2.1,0.0,4.08,12.3,22.7,60
2009-12-17,0.7,-4.9,-2.0,4.6,1.61,15.5,28.8,79
2009-12-18,0.4,-4.6,-2.0,1.4,3.22,22.9,37.8,79
2009-12-19,-1.9,-6.1,-4.5,0.0,4.95,13.1,24.8,21
2009-12-20,1.3,-5.2,-1.8,3.6,1.78,26.0,50.0,65
2009-12-21,2.2,-4.2,-0.4,2.4,2.3,15.1,28.4,95
2009-12-22,4.2,0.4,2.4,7.5,1.99,15.0,38.9,100
2009-12-23,4.2,-0.1,1.8,0.0,3.09,17.3,34.6,98
2009-12-24,5.6,0.1,2.9,6.5,1.58,15.4,28.1,97
2009-12-25,6.6,1.7,4.1,2.5,3.88,25.6,52.6,57
2009-12-26,6.4,-0.1,2.1,0.0,3.9,15.3,27.4,53
2009-12-27,7.6,0.8,4.3,0.2,3.18,26.0,48.6,41
2009-12-28,5.7,0.4,2.8,0.3,2.81,17.6,32.0,100
2009-12-29,12.3,3.4,8.1,13.9,1.86,24.0,48.2,100
2009-12-30,11.4,7.0,9.3,2.8,2.3,24.8,41.8,93
2009-12-31,7.2,1.3,5.1,4.4,0.69,14.9,28.8,100
2010-01-01,1.1,-2.4,-0.0,0.0,1.85,19.3,35.6,80
2010-01-02,3.4,-4.2,-1.3,0.0,4.95,14.0,32.4,33
2010-01-03,2.6,-3.4,-0.8,0.0,4.55,14.8,27.7,66
2010-01-04,-1.5,-6.1,-4.3,0.0,5.34,15.1,27.0,19
2010-01-05,0.0,-5.6,-2.9,0.0,3.25,6.4,17.6,89
2010-01-06,-1.3,-4.8,-3.3,0.2,2.84,11.7,26.6,93
2010-01-07,-1.7,-7.2,-3.9,4.6,4.74,13.0,22.3,59
2010-01-08,-0.6,-7.7,-4.8,0.0,4.38,26.9,47.9,71
2010-01-09,-1.4,-4.7,-3.0,0.0,3.02,25.4,49.3,98
2010-01-10,0.4,-2.1,-1.2,0.0,2.91,15.9,31.3,98
2010-01-11,0.4,-2.5,-1.2,0.0,2.89,5.6,11.5,96
2010-01-12,0.1,-2.4,-1.3,0.2,3.06,20.1,36.7,92
2010-01-13,4.0,-1.6,0.8,5.0,2.26,16.1,33.8,87
2010-01-14,5.4,-0.0,2.0,1.6,4.55,13.1,24.8,96
2010-01-15,4.6,-0.7,1.5,0.0,2.13,12.9,23.8,98
2010-01-16,7.3,1.5,3.6,4.7,1.16,22.3,45.0,98
2010-01-17,9.0,4.0,6.9,1.9,4.34,29.2,55.4,49
2010-01-18,5.2,-0.3,3.0,0.0,2.17,9.4,17.3,78
2010-01-19,3.5,0.7,1.9,0.0,3.06,15.4,28.4,99
2010-01-20,6.2,-1.8,1.8,5.1,0.85,14.9,28.1,92
2010-01-21,5.8,2.8,4.3,0.0,3.12,13.8,27.7,95
2010-01-22,6.4,3.2,4.5,0.0,3.52,14.4,30.6,96
2010-01-23,4.5,2.5,3.4,0.8,1.43,11.7,21.6,100
2010-01-24,5.1,2.3,3.4,1.4,1.04,13.5,27.0,98
2010-01-25,5.5,-2.1,1.7,0.0,5.8,12.7,24.5,48
2010-01-26,1.5,-3.3,-0.7,0.0,2.96,19.0,37.4,77
2010-01-27,0.8,-5.4,-2.5,0.0,6.5,16.8,34.6,49
2010-01-28,5.6,1.0,3.4,0.5,4.54,17.8,34.9,94
2010-01-29,6.0,0.7,3.4,7.7,0.95,26.9,45.0,90
2010-01-30,2.7,-2.8,-0.7,0.0,7.02,16.9,38.2,20
2010-01-31,3.5,-3.8,-1.0,0.1,6.89,14.3,30.6,49
2010-02-01,4.3,-2.4,0.4,0.6,5.81,17.7,40.7,61
2010-02-02,6.5,-1.1,2.6,2.7,3.13,32.8,56.5,81
2010-02-03,9.2,5.8,7.1,2.3,3.24,29.2,51.5,94
2010-02-04,9.2,3.0,5.5,0.2,6.85,16.1,29.9,96
2010-02-05,10.0,4.9,7.3,6.0,6.25,20.1,47.2,76
2010-02-06,7.9,4.1,5.7,5.5,3.97,18.6,38.2,91
2010-02-07,5.6,2.7,4.2,0.0,2.88,13.2,25.9,90
2010-02-08,3.8,1.2,2.3,1.6,2.57,10.2,22.0,93
2010-02-09,1.0,-2.8,-0.9,0.0,3.03,20.0,40.0,97
2010-02-10,2.8,-4.3,-1.9,1.3,7.33,28.8,51.5,47
2010-02-11,-0.5,-5.1,-3.0,1.0,4.74,28.8,56.5,92
2010-02-12,-0.3,-3.9,-2.6,0.0,6.1,21.7,45.4,82
2010-02-13,-1.9,-4.1,-2.9,0.0,4.43,15.4,30.6,88
2010-02-14,1.8,-4.1,-1.3,0.0,5.99,9.9,22.7,87
2010-02-15,3.0,-3.7,-0.5,0.0,5.87,13.6,32.0,81
2010-02-16,4.0,-4.6,-0.8,0.0,10.8,14.0,26.3,11
2010-02-17,4.5,-3.7,1.2,2.4,2.22,9.0,16.6,87
2010-02-18,9.2,-0.2,4.1,1.0,6.07,23.1,55.1,69
2010-02-19,6.7,0.3,4.0,0.0,7.33,21.4,39.6,60
2010-02-20,5.8,-1.1,1.7,0.0,6.71,15.0,28.8,76
2010-02-21,7.5,-0.5,3.4,1.0,4.9,20.6,41.0,88
2010-02-22,13.1,3.9,8.0,2.7,7.25,34.0,68.8,92
2010-02-23,12.6,8.0,9.4,7.7,5.4,23.0,49.3,98
2010-02-24,11.9,5.7,8.2,4.6,7.77,35.8,77.0,82
2010-02-25,11.0,7.5,9.0,5.2,3.25,33.3,68.0,80
2010-02-26,10.2,5.4,8.0,5.1,9.11,35.8,78.1,60
2010-02-27,12.5,4.0,7.4,2.0,8.79,20.5,41.8,80
2010-02-28,12.6,5.2,8.1,10.7,6.21,51.7,98.3,80
2010-03-01,9.2,0.6,5.2,0.0,10.61,16.7,38.9,81
2010-03-02,10.2,2.6,6.0,1.7,12.75,15.4,31.3,60
2010-03-03,8.7,1.3,4.7,0.0,11.21,24.9,47.5,99
2010-03-04,7.3,1.6,3.9,0.0,13.33,25.6,48.6,77
2010-03-05,5.3,-2.6,1.1,0.0,10.99,16.1,33.5,43
2010-03-06,6.1,-1.1,2.3,0.0,10.46,22.1,40.3,48
2010-03-07,3.5,-3.9,-0.7,0.0,13.67,32.3,60.8,17
2010-03-08,4.7,-3.3,0.1,0.0,15.24,27.8,55.8,0
2010-03-09,3.1,-3.2,-0.4,0.0,14.1,28.9,56.2,7
2010-03-10,7.0,-3.2,1.2,0.0,14.32,29.1,58.0,78
2010-03-11,5.3,-2.6,1.1,0.0,13.43,20.9,41.8,50
2010-03-12,5.6,-1.3,2.2,0.0,7.71,10.7,24.5,74
2010-03-13,6.5,1.7,4.1,0.0,6.06,11.3,24.5,94
2010-03-14,8.6,0.5,4.4,0.0,6.85,18.1,35.3,64
2010-03-15,10.7,-0.7,5.0,0.0,11.62,14.7,31.7,31
2010-03-16,11.1,-0.5,5.5,0.0,14.63,10.5,16.6,46
2010-03-17,14.7,1.8,7.3,0.0,15.03,11.0,25.9,99
2010-03-18,15.4,2.7,9.3,0.0,11.48,18.4,34.6,100
2010-03-19,17.0,9.6,12.8,2.7,10.08,18.0,34.6,88
2010-03-20,17.7,11.2,13.6,7.4,11.11,27.9,67.3,85
2010-03-21,12.6,8.2,10.0,0.0,3.84,21.7,46.1,96
2010-03-22,13.3,4.6,8.8,0.0,14.75,9.8,26.6,49
2010-03-23,14.5,5.6,9.6,0.0,16.64,9.7,25.6,68
2010-03-24,17.3,7.6,12.0,0.0,13.12,15.3,33.5,94
2010-03-25,15.9,8.9,11.9,5.7,9.16,24.9,50.4,87
2010-03-26,12.2,6.8,9.1,1.4,9.96,29.7,57.2,98
2010-03-27,12.1,6.6,8.8,3.5,8.36,21.3,40.7,89
2010-03-28,12.8,7.1,9.6,0.8,5.62,20.9,38.9,94
2010-03-29,16.4,9.4,12.0,4.0,12.68,22.7,49.0,92
2010-03-30,12.6,7.0,9.2,6.6,10.64,25.9,64.4,78
2010-03-31,10.5,4.5,7.1,0.7,17.61,37.0,81.0,40
2010-04-01,10.3,1.9,5.7,0.0,18.93,19.9,41.8,31
2010-04-02,9.2,3.8,6.3,5.1,7.42,28.3,55.8,86
2010-04-03,10.6,5.8,8.1,5.5,10.22,26.1,56.5,82
2010-04-04,10.9,4.7,7.5,3.7,14.27,31.1,60.5,65
2010-04-05,11.4,1.4,6.7,0.0,12.96,12.5,29.5,71
2010-04-06,17.0,3.2,10.1,0.0,21.59,16.4,35.3,22
2010-04-07,15.7,6.2,10.5,1.2,12.88,13.8,29.2,93
2010-04-08,12.7,7.9,9.7,0.0,12.85,21.6,42.8,89
2010-04-09,15.8,4.1,9.8,0.0,21.59,17.2,36.0,17
2010-04-10,14.7,5.4,9.9,0.0,20.91,19.5,39.6,36
2010-04-11,12.1,4.1,8.0,0.0,16.44,26.4,50.4,60
2010-04-12,11.4,2.7,7.1,0.0,13.34,26.6,51.8,44
2010-04-13,14.6,4.6,9.5,0.8,16.29,21.7,50.0,55
2010-04-14,14.2,4.1,9.3,0.1,19.3,17.3,37.4,66
2010-04-15,14.1,4.6,9.7,0.2,18.91,20.6,43.9,21
2010-04-16,13.6,5.0,9.3,0.0,23.03,21.6,42.8,9
2010-04-17,15.8,3.1,9.5,0.0,23.64,15.0,27.4,37
2010-04-18,18.6,2.5,11.2,0.0,23.63,9.8,18.0,51
2010-04-19,17.9,3.9,11.5,0.0,22.54,8.9,18.7,29
2010-04-20,15.5,5.1,10.7,0.0,20.97,15.0,33.1,18
2010-04-21,14.6,1.9,8.9,0.0,22.5,16.3,29.5,52
2010-04-22,13.6,3.8,9.0,0.0,22.04,16.7,37.4,95
2010-04-23,17.0,4.3,10.5,0.0,24.53,15.3,31.7,42
2010-04-24,20.5,3.3,12.9,0.0,25.17,9.7,20.9,0
2010-04-25,20.3,7.7,14.6,0.0,21.12,16.3,36.0,49
2010-04-26,16.1,7.1,12.1,0.0,15.57,12.7,29.5,61
2010-04-27,18.5,4.8,12.2,0.0,24.12,11.0,24.1,47
2010-04-28,23.3,6.4,15.5,0.0,24.92,12.3,28.4,74
2010-04-29,25.2,10.1,17.5,0.6,19.62,22.7,43.2,89
2010-04-30,16.3,12.3,13.6,0.9,7.77,22.2,42.5,82
2010-05-01,16.7,9.0,12.9,0.3,15.15,13.9,29.2,78
2010-05-02,14.6,7.8,10.9,4.4,19.97,15.5,42.1,62
2010-05-03,10.6,5.5,7.8,0.8,14.17,25.9,50.4,77
2010-05-04,11.3,5.1,8.1,0.0,15.16,31.4,60.5,94
2010-05-05,12.1,4.2,8.4,0.0,20.04,31.8,59.0,90
2010-05-06,12.9,4.9,9.2,0.0,15.76,22.3,46.1,93
2010-05-07,12.1,4.7,8.6,0.3,11.34,12.8,23.0,84
2010-05-08,15.0,6.7,10.7,0.4,16.02,12.1,26.3,76
2010-05-09,16.9,7.6,12.0,0.8,20.62,17.8,31.0,78
2010-05-10,15.2,7.2,11.3,0.9,11.2,19.3,37.1,95
2010-05-11,9.2,5.5,6.9,3.1,4.74,23.3,47.9,100
2010-05-12,10.8,4.9,7.4,0.5,12.69,16.5,33.1,88
2010-05-13,11.4,2.6,7.2,2.0,18.82,14.7,31.3,58
2010-05-14,13.1,3.4,8.7,0.6,20.32,7.8,20.5,71
2010-05-15,14.6,4.1,10.1,0.0,19.78,15.5,34.2,54
2010-05-16,16.3,5.4,10.9,0.0,23.08,17.3,38.2,79
2010-05-17,16.1,9.2,12.5,0.6,16.02,16.8,37.8,69
2010-05-18,16.7,4.6,11.6,0.0,21.89,12.2,25.2,48
2010-05-19,17.8,5.7,12.5,0.0,28.49,15.1,33.5,4
2010-05-20,19.8,6.0,13.7,0.0,27.87,18.7,38.2,3
2010-05-21,22.1,10.1,16.2,0.0,26.35,18.4,37.4,18
2010-05-22,22.7,11.0,17.2,0.0,27.45,18.7,37.4,38
2010-05-23,25.2,10.8,18.4,0.0,28.15,14.4,34.2,0
2010-05-24,27.6,12.3,20.6,0.0,28.37,10.0,18.4,0
2010-05-25,28.2,13.4,20.6,1.5,21.34,18.8,44.6,51
2010-05-26,20.8,14.3,17.2,8.2,20.28,24.2,52.6,61
2010-05-27,18.2,11.8,14.7,5.4,9.39,11.9,32.4,95
2010-05-28,18.9,10.0,14.3,0.3,25.65,11.8,27.4,67
2010-05-29,17.4,9.7,14.0,0.7,12.5,26.5,53.6,84
2010-05-30,17.7,12.8,15.0,3.7,11.51,24.4,53.3,99
2010-05-31,16.0,10.6,13.6,0.1,15.66,18.2,38.5,79
2010-06-01,16.0,10.2,13.5,9.9,7.43,7.6,18.0,99
2010-06-02,19.9,12.0,15.5,1.0,18.44,16.6,36.7,71
2010-06-03,23.0,10.1,17.0,0.0,28.71,17.3,36.7,0
2010-06-04,25.7,12.1,19.6,0.0,28.95,11.0,20.2,0
2010-06-05,27.3,13.5,21.3,0.0,24.74,9.3,16.6,42
2010-06-06,21.6,17.5,19.7,2.6,17.53,17.1,41.0,89
2010-06-07,21.1,12.0,16.8,0.0,16.51,13.0,27.0,73
2010-06-08,20.8,14.6,17.8,0.4,13.78,20.1,46.1,94
2010-06-09,18.5,14.4,16.4,5.9,9.33,11.9,25.9,99
2010-06-10,22.6,15.4,18.4,12.9,10.79,15.3,32.0,87
2010-06-11,23.8,14.2,19.4,0.1,25.39,13.0,29.5,32
2010-06-12,19.3,14.7,17.1,18.0,13.65,14.8,34.2,94
2010-06-13,17.6,10.0,14.5,0.0,19.67,15.0,29.9,73
2010-06-14,19.9,12.8,16.3,1.6,17.29,11.5,25.9,95
2010-06-15,19.8,12.5,16.0,0.9,22.6,30.4,56.2,90
2010-06-16,20.0,10.3,15.6,0.0,24.13,30.2,61.6,82
2010-06-17,19.4,14.3,16.2,0.2,9.53,22.2,43.6,100
2010-06-18,20.7,13.7,16.6,0.0,18.48,17.7,34.2,85
2010-06-19,14.7,10.8,12.7,0.9,13.08,22.8,45.7,79
2010-06-20,15.5,9.3,12.1,0.5,15.17,23.4,46.1,83
2010-06-21,16.4,9.0,13.0,0.0,12.21,15.0,30.6,85
2010-06-22,21.7,8.5,15.6,0.0,27.59,14.7,34.2,14
2010-06-23,23.9,10.5,18.2,0.0,25.61,12.9,29.2,30
2010-06-24,25.6,12.8,19.7,0.0,27.95,11.0,20.5,16
2010-06-25,25.7,12.9,20.0,0.0,28.9,11.2,20.2,24
2010-06-26,27.3,14.4,21.6,0.0,23.83,9.5,18.4,24
2010-06-27,28.3,15.9,23.0,0.0,21.27,11.5,19.4,32
2010-06-28,26.4,18.1,22.5,1.0,18.91,11.3,28.1,68
2010-06-29,27.0,17.1,21.8,1.0,25.31,14.8,27.4,43
2010-06-30,28.6,15.2,22.4,0.0,26.58,8.0,17.6,66
2010-07-01,31.2,16.2,25.0,0.0,25.02,14.8,30.6,62
2010-07-02,32.8,20.9,26.7,0.5,25.27,14.9,40.0,55
2010-07-03,24.1,18.4,21.2,14.7,14.82,13.6,35.6,97
2010-07-04,25.0,15.6,20.5,0.0,29.13,12.1,25.6,24
2010-07-05,21.1,15.1,18.3,0.3,10.83,17.3,33.8,43
2010-07-06,23.5,12.1,18.2,0.0,24.07,11.5,21.2,60
2010-07-07,27.4,13.1,21.0,0.0,28.67,8.1,17.6,8
2010-07-08,31.3,15.0,24.0,0.0,28.89,9.3,20.2,1
2010-07-09,30.4,20.6,25.2,3.0,18.91,14.5,32.8,68
2010-07-10,29.4,18.0,24.0,0.6,22.6,14.7,27.4,43
2010-07-11,29.8,20.3,25.2,0.0,27.21,12.0,31.0,15
2010-07-12,25.9,19.7,22.0,8.5,12.62,16.7,40.7,95
2010-07-13,26.7,17.8,22.3,0.4,20.31,20.9,45.0,61
2010-07-14,23.0,16.7,20.0,15.0,11.01,25.9,46.1,42
2010-07-15,22.0,15.1,18.8,0.0,19.04,26.0,54.4,51
2010-07-16,24.9,16.2,20.1,0.2,18.47,25.2,54.7,38
2010-07-17,21.7,15.1,18.1,0.0,20.76,16.3,36.4,61
2010-07-18,23.1,11.1,17.7,0.0,28.5,8.9,20.5,0
2010-07-19,27.8,12.7,21.1,0.0,28.1,8.7,21.6,20
2010-07-20,30.6,15.6,23.7,0.0,25.12,11.7,23.4,75
2010-07-21,25.8,17.7,21.5,0.2,15.31,19.9,36.4,86
2010-07-22,23.3,15.0,19.6,0.0,18.23,14.3,32.8,69
2010-07-23,21.9,15.7,18.4,2.7,20.05,18.3,38.9,43
2010-07-24,22.5,12.3,17.9,0.1,18.72,9.7,22.3,58
2010-07-25,20.9,15.5,18.1,0.2,7.84,12.8,29.5,92
2010-07-26,23.4,15.0,18.9,0.4,13.77,20.7,45.7,71
2010-07-27,24.8,17.3,20.5,0.8,14.39,8.9,22.0,84
2010-07-28,24.9,16.6,20.4,0.5,18.05,17.6,38.5,77
2010-07-29,21.8,14.7,18.3,0.1,17.15,17.8,40.7,63
2010-07-30,23.0,12.7,18.4,0.2,16.26,7.9,20.5,64
2010-07-31,26.0,15.9,21.4,0.4,18.49,13.6,39.2,62
2010-08-01,24.2,15.7,19.5,0.0,14.64,17.1,31.0,75
2010-08-02,22.8,14.7,18.5,0.3,17.33,15.5,34.6,57
2010-08-03,23.4,12.3,18.3,0.2,18.21,10.5,28.1,52
2010-08-04,22.5,16.7,19.0,3.6,12.97,17.7,40.0,97
2010-08-05,20.8,12.8,17.0,0.8,19.2,19.6,42.5,47
2010-08-06,21.9,10.5,17.1,0.0,15.97,9.3,20.5,44
2010-08-07,24.1,13.9,18.8,0.2,14.37,16.4,35.3,68
2010-08-08,22.7,13.9,18.9,0.6,11.58,14.0,27.0,78
2010-08-09,25.1,14.1,20.0,0.0,15.78,10.5,21.2,58
2010-08-10,25.8,13.1,19.3,1.1,16.26,23.1,49.0,77
2010-08-11,22.2,16.9,18.9,9.5,10.46,16.2,34.6,93
2010-08-12,21.2,12.5,17.1,0.4,15.75,15.4,34.6,37
2010-08-13,20.6,11.9,16.4,0.6,18.09,13.3,26.6,37
2010-08-14,21.2,10.5,16.4,0.1,21.21,9.7,22.0,37
2010-08-15,16.5,14.3,15.1,24.1,3.01,19.0,35.3,100
2010-08-16,18.2,13.0,15.2,13.2,6.13,22.6,45.0,91
2010-08-17,18.9,14.8,16.5,0.0,8.36,19.2,34.9,98
2010-08-18,19.4,15.1,16.8,0.4,10.83,16.1,36.7,89
2010-08-19,22.9,10.2,17.3,0.0,18.72,10.9,25.9,51
2010-08-20,27.8,14.3,21.1,0.0,20.92,14.6,37.4,16
2010-08-21,28.0,15.5,21.8,0.0,22.37,11.4,26.6,9
2010-08-22,27.0,17.9,22.3,0.5,15.87,11.5,36.4,76
2010-08-23,23.5,19.2,20.8,3.9,10.05,27.1,56.2,90
2010-08-24,20.4,14.0,17.4,0.1,14.2,18.0,42.1,70
2010-08-25,23.3,11.8,17.7,0.0,12.64,19.5,36.7,82
2010-08-26,25.5,19.1,21.5,6.0,11.17,22.4,56.2,99
2010-08-27,22.3,16.0,19.3,6.4,12.5,24.0,51.1,77
2010-08-28,19.4,12.7,16.1,0.0,17.16,16.8,35.6,45
2010-08-29,18.4,11.5,14.9,0.8,10.58,23.8,44.3,75
2010-08-30,17.2,9.7,13.7,0.3,12.64,25.1,47.5,48
2010-08-31,18.9,9.2,14.0,0.0,19.08,13.8,28.8,30
2010-09-01,20.6,9.6,15.2,0.0,21.17,18.1,36.7,19
2010-09-02,22.1,11.7,16.6,0.0,19.8,16.0,34.6,81
2010-09-03,22.7,11.4,16.9,0.0,20.43,12.8,25.9,14
2010-09-04,22.1,11.5,16.8,0.0,19.15,12.5,24.8,82
2010-09-05,23.0,11.7,17.4,0.0,18.88,14.0,27.0,52
2010-09-06,21.3,13.5,17.5,2.2,9.83,19.1,38.9,94
2010-09-07,20.0,13.8,17.1,2.7,10.08,11.6,22.7,83
2010-09-08,16.1,12.8,14.6,11.1,4.8,23.1,42.8,96
2010-09-09,20.2,11.0,15.3,0.0,13.33,12.3,28.8,59
2010-09-10,21.4,10.4,16.1,0.0,13.53,10.5,25.9,68
2010-09-11,23.6,12.7,18.2,0.0,15.44,10.9,25.6,83
2010-09-12,20.3,14.1,16.6,1.9,12.21,17.5,40.3,59
2010-09-13,20.2,9.5,15.1,0.0,14.54,10.7,26.6,64
2010-09-14,22.0,14.1,17.3,0.0,16.24,18.6,41.0,86
2010-09-15,18.4,14.8,16.2,9.4,8.46,19.9,39.6,92
2010-09-16,18.3,10.9,14.6,0.1,12.0,15.3,34.9,60
2010-09-17,17.9,10.0,13.6,0.0,15.88,14.7,29.9,34
2010-09-18,15.9,6.2,11.4,0.0,11.25,8.3,21.6,51
2010-09-19,18.5,6.4,12.1,0.0,17.18,8.5,22.3,22
2010-09-20,20.6,7.4,13.8,0.0,17.18,8.9,21.6,43
2010-09-21,21.9,7.4,14.9,0.0,17.08,9.4,24.8,2
2010-09-22,24.8,8.8,16.8,0.0,16.82,9.5,21.2,16
2010-09-23,24.2,14.3,18.5,1.1,11.52,16.7,46.1,96
2010-09-24,18.2,12.5,14.8,7.3,11.15,15.3,38.5,84
2010-09-25,14.1,10.4,12.1,0.5,10.39,23.5,43.9,78
2010-09-26,12.5,7.6,10.2,7.2,8.04,20.5,42.5,69
2010-09-27,13.9,8.3,10.8,2.0,6.88,13.7,26.3,99
2010-09-28,14.5,9.6,12.0,0.0,1.7,6.2,14.0,100
2010-09-29,17.9,12.7,14.8,0.7,7.07,9.5,19.1,98
2010-09-30,16.1,12.0,13.6,2.0,4.67,9.2,22.3,100
2010-10-01,17.0,8.7,12.5,7.4,7.62,26.2,48.2,83
2010-10-02,20.2,13.2,16.0,12.1,4.58,26.1,54.0,89
2010-10-03,24.3,14.0,18.6,1.9,12.17,26.9,49.0,70
2010-10-04,18.4,14.3,16.4,8.4,4.13,16.3,33.5,93
2010-10-05,17.3,11.9,14.9,1.0,3.36,21.1,40.7,93
2010-10-06,17.7,13.9,15.7,1.2,4.6,18.0,32.8,97
2010-10-07,21.7,12.9,16.2,0.0,10.32,13.4,27.7,66
2010-10-08,22.4,12.6,16.8,0.0,12.87,11.5,23.0,12
2010-10-09,22.7,13.3,17.4,0.0,12.77,11.2,23.4,0
2010-10-10,19.1,12.4,15.7,0.0,12.68,20.2,38.9,9
2010-10-11,18.2,9.3,13.3,0.0,13.29,23.4,46.1,0
2010-10-12,16.2,6.7,11.1,0.0,13.02,18.4,34.6,0
2010-10-13,12.9,5.0,8.6,0.0,12.3,19.3,37.4,16
2010-10-14,13.7,5.3,9.1,0.0,12.36,15.7,30.6,11
2010-10-15,13.1,8.6,10.6,0.3,5.48,12.5,27.7,90
2010-10-16,13.5,7.5,10.3,2.8,8.41,19.4,42.1,58
2010-10-17,9.6,3.5,6.6,0.0,5.85,21.4,41.0,73
2010-10-18,12.3,1.9,7.4,0.0,9.67,14.0,25.6,56
2010-10-19,13.4,8.3,10.6,1.5,5.86,20.3,47.5,87
2010-10-20,10.5,4.8,7.6,0.1,8.87,21.7,41.8,44
2010-10-21,9.4,0.7,5.0,0.0,11.04,10.1,16.2,25
2010-10-22,10.9,0.7,5.0,0.0,9.75,9.2,15.5,43
2010-10-23,10.8,1.6,6.1,3.4,3.56,26.7,58.7,77
2010-10-24,10.6,4.9,7.6,0.1,7.6,17.4,32.0,44
2010-10-25,10.4,3.7,6.4,0.0,8.94,19.6,44.3,21
2010-10-26,10.1,-0.9,4.9,0.0,8.04,11.1,22.3,66
2010-10-27,12.8,7.3,9.2,0.0,6.7,16.0,33.5,97
2010-10-28,14.0,9.4,11.0,0.0,7.89,14.8,27.4,94
2010-10-29,17.0,8.2,11.9,0.0,6.79,18.5,37.4,100
2010-10-30,14.9,9.5,12.4,5.7,6.76,20.6,35.3,77
2010-10-31,15.5,9.0,11.4,0.4,8.17,14.0,25.9,89
2010-11-01,13.2,8.0,10.3,0.0,4.52,19.4,36.7,70
2010-11-02,12.9,6.1,9.8,0.0,3.64,17.6,36.7,88
2010-11-03,15.8,11.0,13.3,0.0,2.61,19.5,42.1,99
2010-11-04,16.3,13.3,15.0,0.0,3.46,20.5,41.8,98
2010-11-05,15.7,11.0,12.9,0.0,4.47,18.6,36.7,60
2010-11-06,12.3,9.3,10.6,10.9,0.7,21.4,42.8,91
2010-11-07,9.1,4.5,7.4,5.5,2.87,12.5,26.3,97
2010-11-08,6.9,2.8,4.6,8.8,1.24,31.4,74.2,91
2010-11-09,9.9,5.6,7.5,5.2,2.3,17.3,34.9,91
2010-11-10,8.8,3.8,6.2,1.5,4.81,19.9,42.1,64
2010-11-11,13.8,3.1,6.9,8.1,1.19,37.7,73.1,87
2010-11-12,14.2,10.0,12.0,2.7,2.18,32.9,70.6,92
2010-11-13,14.4,13.2,13.8,5.0,0.45,32.7,67.0,100
2010-11-14,13.6,8.9,12.3,5.8,1.58,27.5,63.0,100
2010-11-15,11.4,5.4,7.8,0.0,5.53,7.6,19.1,71
2010-11-16,9.1,1.6,5.1,0.1,5.59,8.0,15.1,33
2010-11-17,6.0,1.7,4.2,0.5,2.8,14.7,32.4,84
2010-11-18,8.5,3.2,6.1,0.0,2.12,14.0,28.8,91
2010-11-19,9.0,4.5,6.6,0.0,2.43,14.7,27.0,86
2010-11-20,11.0,5.0,7.6,0.0,5.86,16.6,29.5,90
2010-11-21,7.5,4.2,5.9,5.4,1.8,13.7,30.6,100
2010-11-22,5.5,3.7,4.4,0.3,2.15,13.8,25.9,99
2010-11-23,7.0,1.2,3.8,0.0,2.89,11.0,26.3,74
2010-11-24,6.5,0.9,3.2,1.3,5.17,12.9,29.9,48
2010-11-25,4.1,0.0,2.6,5.7,3.91,12.6,29.9,82
2010-11-26,3.4,-1.8,0.4,0.0,5.17,13.7,28.4,30
